responseId,pre_pctg,post_pctg,Pre_TPEself,Pre_TPEother,Post_TPEself,Post_TPEother,ave_ac,Pre_rstc,Post_rstc,reg_cpn,law_manu,Self_cpn,3rdpt,litcamp,Self_edu,Not_much,Pol_party,age,is_political,Pre_eff_ave,Post_eff_ave,edu
R_1dNvpBCze7DYKkI,62,66,3,3,4,3,0.7,2,2,4,2,3,1,5,7,6,dem,35.0,1,4.333333333333333,5.0,5.0
R_2uhQSqXLENjS8ut,18,50,1,2,1,3,0.6,4,4,5,3,1,2,6,7,4,dem,29.0,1,5.666666666666667,5.0,5.0
R_2QMxsO4zdf957Km,21,15,4,4,4,3,0.6,3,2,5,3,2,1,7,4,6,rep,28.0,1,5.333333333333333,5.333333333333333,5.0
R_3iUvraNaj6qh7VV,5,20,1,2,1,3,0.75,5,5,2,1,5,3,4,6,7,dem,23.0,1,4.0,1.0,4.0
R_2PuT6ED9H0oEbWM,31,68,1,4,3,5,0.75,5,5,5,6,1,3,4,2,7,ind,25.0,1,4.666666666666667,6.333333333333333,6.0
R_3fpMkBksvdMgpfp,57,60,4,5,4,4,0.55,2,4,2,1,7,4,3,5,6,dem,27.0,1,6.0,4.666666666666667,5.0
R_YSwp9xRneDO8ErT,61,63,3,3,3,4,0.5,3,3,1,2,6,4,5,3,7,dem,31.0,1,4.0,4.333333333333333,5.0
R_31ax76OOzVD1YR2,40,50,1,4,1,5,0.85,5,5,5,1,6,4,3,2,7,ind,30.0,1,5.333333333333333,6.0,5.0
R_1GH3hNUum7qUNbA,10,11,2,2,2,2,0.7,4,3,1,2,7,4,5,6,3,rep,45.0,1,3.3333333333333335,4.0,5.0
R_3KB1GeOmpO2ku7d,19,19,1,2,2,2,0.75,5,5,1,2,4,3,5,6,7,ind,29.0,1,5.0,6.0,3.0
R_1mLfr5CaRQePu2d,10,10,1,2,3,2,0.75,5,5,4,6,7,2,3,5,1,rep,66.0,1,5.0,5.0,6.0
R_1jl9MOILGPIUO9x,9,5,1,2,1,2,0.65,3,3,1,3,2,5,6,7,4,ind,33.0,1,6.0,6.0,6.0
R_12lNhTS9mXzLEGf,40,40,2,3,3,3,0.75,4,4,1,2,5,6,7,4,3,dem,33.0,1,5.0,5.0,5.0
R_3oLb1eSL5WzBDRw,20,50,2,3,2,3,0.75,3,3,7,4,3,5,1,2,6,ind,32.0,1,5.0,5.0,2.0
R_3RkcAwy6VYWiOR7,49,44,2,3,2,3,0.6,5,5,2,1,5,3,4,6,7,rep,49.0,1,3.6666666666666665,4.666666666666667,5.0
R_1gdNg2jiwDIvwhw,23,30,2,3,3,3,0.7,4,4,3,4,2,5,6,1,7,rep,42.0,1,3.6666666666666665,3.3333333333333335,5.0
R_3J3LrSboVedvzyQ,58,59,3,3,3,3,0.6,4,4,1,2,3,4,5,6,7,rep,30.0,1,4.666666666666667,5.333333333333333,5.0
R_210nncEbuo5ZkOk,42,41,2,3,2,3,0.7,5,5,2,3,6,1,4,5,7,dem,21.0,1,5.0,6.0,5.0
R_XtAf5Ltu1PY58MF,27,11,1,2,2,2,0.7,3,3,6,7,5,4,3,2,1,rep,45.0,1,6.0,6.0,3.0
R_2qD86h0VxvosF0M,28,17,2,3,3,2,0.8,2,2,6,7,3,5,2,1,4,rep,30.0,1,5.333333333333333,3.3333333333333335,5.0
R_xFnhEmnSbi3MCrf,10,25,1,2,1,2,0.8,4,5,4,1,3,2,5,6,7,dem,34.0,1,3.3333333333333335,4.0,5.0
R_3lyLEqJdiJ6S6YE,30,30,1,3,1,4,0.85,3,3,4,3,1,6,2,5,7,dem,21.0,1,6.0,6.0,3.0
R_23dU3KkTjOzk0uJ,20,50,1,2,1,3,0.85,4,5,1,7,2,5,4,3,6,dem,29.0,1,5.666666666666667,6.333333333333333,5.0
R_3r1kVgqn8bnHak3,21,40,2,3,2,3,0.85,4,4,5,3,6,7,4,1,2,ind,41.0,1,4.0,3.0,5.0
R_2amh3ke0zNXG7fi,2,29,2,4,3,4,0.75,4,4,4,3,2,6,7,1,5,rep,29.0,1,5.0,4.666666666666667,5.0
R_3syMBPvCFZzd4d8,20,15,2,3,2,3,0.8,4,4,2,1,6,3,4,5,7,dem,46.0,1,5.0,5.0,5.0
R_1gFKF8Wt9mdeDJM,36,35,1,2,1,2,0.85,5,5,4,1,5,6,3,2,7,ind,29.0,1,5.666666666666667,6.0,3.0
R_1ina0I82DytymfO,5,10,1,2,2,3,0.65,4,4,3,1,2,4,5,6,7,rep,27.0,1,4.0,5.0,5.0
R_2asFNQ1QXqaQEEN,51,26,3,3,3,3,0.35,4,3,1,2,3,5,4,6,7,rep,28.0,1,5.333333333333333,4.333333333333333,4.0
R_1Eg7X3iYNp2nq4h,60,60,2,4,1,3,0.8,4,4,1,3,4,7,5,2,6,dem,30.0,1,4.666666666666667,4.333333333333333,3.0
R_25LrjQQGlZofvth,20,30,1,3,2,3,0.85,5,5,4,7,3,6,5,2,1,dem,22.0,1,7.0,5.0,4.0
R_3dX1fQsM6dGkNEF,30,40,1,5,1,5,0.7,5,5,1,3,2,5,4,6,7,rep,40.0,1,1.0,7.0,6.0
R_uzjjW0TdcwpYpnX,40,28,3,4,3,4,0.5,2,3,7,6,4,5,3,2,1,dem,29.0,1,5.0,4.666666666666667,2.0
R_AAp89rllRHTRFLP,20,60,1,2,1,3,0.95,4,5,3,5,2,1,4,6,7,ind,22.0,1,6.0,6.0,2.0
R_cAUbKojM7NH68BH,32,37,1,4,4,5,0.75,5,5,1,2,3,6,4,5,7,ind,27.0,1,7.0,5.0,3.0
R_OIpS7m4a64XMQ5H,14,18,2,2,2,3,0.75,2,3,3,5,4,2,6,1,7,dem,47.0,1,4.333333333333333,4.0,3.0
R_1OJl6m0UC7H42Vk,20,20,2,2,3,4,0.8,4,5,4,3,1,6,5,2,7,rep,64.0,1,2.3333333333333335,2.3333333333333335,3.0
R_RKumgkt1ubqvJ1D,24,19,2,3,3,3,0.7,5,4,2,1,3,5,4,6,7,dem,31.0,1,5.333333333333333,3.0,3.0
R_1cTXmLThezm6fd9,20,10,1,2,2,3,0.6,5,5,2,1,4,3,6,5,7,rep,30.0,1,6.333333333333333,5.0,3.0
R_3QYQylKTCyAQcCs,17,17,2,2,2,2,0.7,4,4,4,6,7,2,3,1,5,ind,51.0,1,4.333333333333333,4.0,5.0
R_2AR3jZnXDaERoQo,42,55,1,3,3,3,0.4,3,4,1,5,7,2,3,4,6,rep,42.0,1,4.666666666666667,5.0,3.0
R_2axYXdk6gIkLVAS,40,40,3,3,3,3,0.8,3,3,5,6,3,2,7,1,4,ind,29.0,1,4.666666666666667,3.3333333333333335,1.0
R_1pYi7lRe9ayNyFZ,35,40,2,4,2,5,0.75,5,5,6,4,2,1,3,5,7,dem,25.0,1,5.0,5.0,4.0
R_3MtwBqDlqrdX24v,30,80,1,5,2,5,0.65,5,5,2,3,4,5,1,6,7,dem,48.0,1,7.0,7.0,5.0
R_28NeY39vANVzKlG,10,35,3,4,4,4,0.9,4,5,1,2,3,4,6,5,7,ind,30.0,1,2.6666666666666665,5.0,3.0
R_31FNlX6cumx2jAA,10,10,1,2,1,2,0.8,4,4,3,4,6,2,7,5,1,ind,28.0,1,6.0,6.0,3.0
R_A4jngdXhtRpHn2N,54,49,3,3,2,3,0.6,3,2,1,3,2,6,5,4,7,dem,37.0,1,5.666666666666667,5.333333333333333,3.0
R_2rCxgvUWBaMbaM5,41,37,2,3,2,4,0.8,4,4,6,1,2,3,7,4,5,ind,27.0,1,3.6666666666666665,4.0,5.0
R_ZwtcVGnpty3ki4h,90,90,1,5,1,5,0.7,3,3,2,3,1,4,5,6,7,ind,25.0,1,7.0,7.0,5.0
R_2E48J3Gs7jFg7r4,25,35,2,3,2,3,0.75,4,5,1,4,3,5,6,2,7,dem,21.0,1,5.0,5.0,3.0
R_3CTnFyz7YrdTdbk,20,5,2,3,3,3,0.8,4,4,4,3,2,1,5,6,7,dem,24.0,1,5.333333333333333,5.0,5.0
R_1qXwVbjZGLGnKWJ,25,30,2,2,2,3,0.8,5,5,2,5,1,4,3,6,7,dem,29.0,1,5.0,5.0,4.0
R_1poIescWh9rBquF,11,15,1,2,1,1,0.85,5,5,2,1,5,3,4,6,7,dem,23.0,1,6.333333333333333,6.0,5.0
R_1lyrqnusI06wT6M,2,0,3,4,3,4,0.7,4,3,6,7,5,4,3,2,1,dem,29.0,1,5.333333333333333,5.666666666666667,5.0
R_2xQcFqPMDItvV2l,23,29,2,3,2,2,0.9,4,4,5,7,4,3,6,2,1,dem,29.0,1,4.333333333333333,5.666666666666667,6.0
R_1lrSr7o2fKaaKay,40,22,4,3,4,2,0.7,4,4,3,4,1,5,6,7,2,ind,19.0,1,3.0,5.0,4.0
R_bjPNbBTJL6Ja09P,20,30,2,2,2,2,0.5,4,4,2,1,4,3,5,7,6,dem,61.0,1,4.0,3.3333333333333335,2.0
R_r9cyRMgROcZlslP,25,35,1,4,1,5,0.85,5,5,3,2,4,1,5,6,7,ind,35.0,1,6.0,5.0,5.0
R_D7x6vJzXVBJyktH,15,24,1,2,3,3,0.85,5,5,2,3,4,5,6,1,7,ind,22.0,1,3.3333333333333335,3.0,3.0
R_u4YveIP8R6DQMud,60,80,4,3,2,4,0.85,3,2,6,5,4,3,7,2,1,dem,25.0,1,4.666666666666667,4.666666666666667,3.0
R_w6LoThfXkCUOsy5,10,50,1,1,1,3,0.75,3,3,7,6,4,5,3,1,2,ind,45.0,1,5.0,6.0,2.0
R_3dYu6K1avCteXon,50,68,4,5,4,5,0.65,5,5,1,2,3,4,5,6,7,ind,55.0,1,3.0,3.0,5.0
R_plWVmwGgbrq98qZ,52,26,4,4,3,3,0.6,2,2,7,6,5,4,3,2,1,ind,30.0,1,5.333333333333333,4.333333333333333,5.0
R_2bWbn9EWYW0fTTM,21,38,2,3,3,4,0.7,2,5,6,5,3,4,7,2,1,dem,37.0,1,4.333333333333333,3.6666666666666665,4.0
R_2rV1PiuKhqwRApZ,40,23,4,3,3,4,0.6,5,5,7,1,3,4,5,6,2,ind,33.0,1,4.666666666666667,4.666666666666667,5.0
R_AO6fbTrqPUZDmjn,39,61,3,4,4,4,0.55,3,3,1,3,4,6,2,5,7,dem,27.0,1,4.666666666666667,4.666666666666667,5.0
R_31dfs5bWj4YX4Ih,81,81,2,3,2,5,0.45,5,5,5,4,3,6,2,1,7,rep,54.0,1,5.666666666666667,5.0,5.0
R_1ilK6mwtLdgIMF3,30,70,1,3,2,4,0.7,5,5,1,2,6,3,4,5,7,ind,29.0,1,5.0,5.333333333333333,5.0
R_2qsBEEH9xKomZ3E,70,40,3,4,3,4,0.7,5,5,1,2,3,5,4,6,7,dem,39.0,1,5.0,4.666666666666667,6.0
R_2sYkeisbK0OVQOV,75,23,3,5,3,4,0.65,1,1,7,5,4,2,6,3,1,dem,33.0,1,5.0,5.0,5.0
R_3GqTt6LC7SgwyVD,36,45,3,4,3,5,0.6,4,4,4,7,3,2,6,5,1,rep,39.0,1,4.333333333333333,5.0,4.0
R_2fAHwgJYa5Yn9Cb,50,71,2,4,1,5,0.55,2,4,7,6,5,3,4,2,1,dem,28.0,1,6.333333333333333,2.3333333333333335,3.0
R_2ZOegNS40icJs79,20,40,2,3,3,4,0.8,5,5,4,3,2,1,5,6,7,dem,51.0,1,2.6666666666666665,2.0,4.0
R_2VPhuEUbyg5HoTK,20,20,1,2,1,5,0.75,3,4,1,7,2,3,4,5,6,dem,25.0,1,6.0,5.0,3.0
R_3QJX7mhJ2b6JwFc,3,10,1,3,2,4,0.9,5,5,5,4,6,3,1,2,7,rep,51.0,1,3.6666666666666665,2.0,4.0
R_Y5rYzvSO0WGswql,19,40,1,2,1,3,0.8,3,3,4,1,3,6,2,5,7,ind,53.0,1,3.6666666666666665,3.0,5.0
R_3EXccvGGmPUh22Y,16,20,2,4,2,3,0.75,4,4,5,7,6,2,4,1,3,rep,54.0,1,1.0,1.0,2.0
R_1H6QvjeTPwdHWAk,11,71,2,3,4,4,0.6,4,5,2,1,5,4,3,6,7,rep,44.0,1,3.0,4.0,6.0
R_2cdy961UisqY2mL,10,17,2,2,3,5,0.8,4,5,5,6,1,4,3,2,7,rep,26.0,1,4.0,4.666666666666667,5.0
R_2D0qPBpPquMj4aM,33,9,1,2,1,2,0.8,2,3,7,6,5,4,2,3,1,ind,32.0,1,4.666666666666667,3.0,6.0
R_UXVhkUfiEBMv1cd,50,60,3,3,3,4,0.5,5,5,1,2,5,3,6,4,7,dem,38.0,1,3.0,3.0,5.0
R_1CBISFiy9QlRR2o,10,10,1,2,2,3,0.7,3,3,1,2,3,4,6,7,5,rep,49.0,1,5.0,5.0,5.0
R_3dW9E3ZzyzeWDgU,40,30,1,3,2,3,0.45,4,4,4,3,5,6,2,1,7,dem,30.0,1,5.333333333333333,5.666666666666667,2.0
R_237DSI4DmPnVG6O,30,34,3,4,4,4,0.75,2,2,4,3,5,1,2,6,7,dem,27.0,1,5.333333333333333,4.333333333333333,6.0
R_1dhnhBQVUjd3wIi,25,20,1,2,1,3,0.6,4,4,5,3,2,1,4,6,7,rep,30.0,1,5.666666666666667,5.0,4.0
R_3Rlyc4Rkj3UBLOD,44,42,1,4,1,2,0.55,5,5,2,1,6,4,5,3,7,dem,34.0,1,6.0,5.666666666666667,3.0
R_43e36ysft7GhjcR,43,44,3,4,4,3,0.55,3,2,5,2,3,4,6,7,1,dem,29.0,1,3.3333333333333335,4.333333333333333,5.0
R_WvMaewRMk3uoNEJ,50,75,2,2,3,5,0.6,4,3,2,5,3,6,4,7,1,rep,35.0,1,3.3333333333333335,4.333333333333333,3.0
R_2WCimE19TEIiDwc,6,9,1,2,1,2,0.75,4,4,4,5,3,2,6,7,1,ind,44.0,1,4.0,4.0,6.0
R_1rJL716NHFbqVtE,15,25,1,4,1,4,0.8,5,5,1,2,3,5,6,4,7,ind,35.0,1,6.0,6.0,2.0
R_2ANdWInT9e213gu,25,25,1,2,1,3,0.7,4,4,6,3,4,2,5,7,1,ind,35.0,1,5.0,6.0,3.0
R_11YEB0gboqjavAx,7,16,1,3,1,2,0.95,3,3,7,6,3,1,4,5,2,dem,45.0,1,5.333333333333333,4.666666666666667,5.0
R_1NdZhz0bH4RBYGT,30,30,2,2,3,3,0.75,4,4,4,3,1,2,5,6,7,ind,30.0,1,5.0,4.333333333333333,4.0
R_Z3IeO0P7RwobzwJ,20,40,3,3,3,4,0.8,4,4,5,4,6,3,1,2,7,dem,38.0,1,3.3333333333333335,4.0,2.0
R_vdguPcPGeIBZuqR,53,48,3,3,2,3,0.65,4,5,7,4,3,6,1,2,5,ind,33.0,1,4.0,4.333333333333333,5.0
R_22FWULjc97FxRXR,40,60,1,1,1,5,0.6,5,5,2,1,5,4,6,3,7,dem,37.0,1,7.0,5.0,3.0
R_2ROmgZx4rRYgSfv,8,41,4,4,5,5,0.6,5,5,1,2,3,4,5,6,7,ind,33.0,1,1.0,5.666666666666667,5.0
R_1JDBzguQSVhpNBQ,5,21,2,2,1,5,0.8,5,5,6,5,3,4,7,2,1,ind,29.0,1,3.6666666666666665,5.333333333333333,5.0
R_2YPtTx5eJ4z5z7R,25,15,2,2,2,3,0.8,3,5,5,6,4,3,1,2,7,dem,22.0,1,3.0,5.0,5.0
R_OjQBNAPgiow5ZcJ,19,19,1,4,3,4,0.6,5,5,2,1,3,5,4,6,7,dem,38.0,1,3.6666666666666665,3.6666666666666665,5.0
R_2AKIQ81rWbI5bUS,31,28,1,3,1,5,0.65,3,5,2,1,4,3,5,6,7,ind,24.0,1,5.0,5.0,3.0
R_3lJprXk5wCRN4hG,24,21,2,4,2,4,0.7,2,2,4,1,2,3,5,6,7,dem,32.0,1,6.0,6.0,5.0
R_PCfY4qUV7ePIOOJ,25,30,2,2,1,2,0.75,3,4,5,3,6,4,7,2,1,ind,27.0,1,4.333333333333333,4.333333333333333,5.0
R_10SkAb850N31u8p,24,35,1,2,1,2,0.65,3,5,7,3,4,1,5,2,6,ind,30.0,1,6.666666666666667,4.0,2.0
R_3IZ6IvCwh5tLXjw,10,30,2,3,2,4,0.85,5,5,3,6,4,5,2,1,7,ind,34.0,1,5.0,5.0,6.0
R_ANJxx7Qyq5vNPhL,12,15,1,3,1,2,0.8,5,5,5,6,4,7,3,2,1,dem,36.0,1,5.0,5.666666666666667,5.0
R_rqhBcn8X0cQVJlv,19,27,1,2,2,2,0.7,1,3,6,7,5,4,3,1,2,ind,52.0,1,4.666666666666667,5.333333333333333,5.0
R_3l5TAckwI6T0NsB,32,62,3,3,4,4,0.65,4,4,1,2,3,7,6,5,4,rep,48.0,1,5.0,4.0,6.0
R_UnZH0ubi5hmYpP3,30,30,1,3,2,3,0.4,5,5,6,1,2,3,5,4,7,dem,56.0,1,5.0,3.0,7.0
R_2R55JddPVvpbCcD,51,31,3,3,4,4,0.65,4,4,1,2,3,6,5,4,7,dem,27.0,1,5.666666666666667,5.333333333333333,5.0
R_2bHS5inB5ODR44R,61,52,3,4,3,3,0.5,4,4,1,6,4,5,3,2,7,dem,25.0,1,4.666666666666667,5.666666666666667,5.0
R_1kULyUX6rESQedH,24,29,2,3,1,2,0.75,3,4,2,1,5,4,3,7,6,dem,23.0,1,4.666666666666667,5.0,5.0
R_24MZb2rHXYILMWt,10,9,1,2,2,2,0.55,3,3,7,6,5,4,3,1,2,rep,34.0,1,3.0,3.0,5.0
R_3Rgv2VKgHjPImb9,10,30,1,4,3,5,0.6,1,5,2,1,5,6,4,3,7,dem,53.0,1,3.0,1.0,3.0
R_11YGqrPMHCWyxhG,30,6,1,3,2,3,0.55,5,5,7,6,5,4,3,2,1,ind,64.0,1,3.0,3.0,2.0
R_2uJ1hscPwomJh1V,15,19,1,2,1,3,0.75,5,5,5,3,2,7,6,1,4,ind,61.0,1,5.0,6.666666666666667,2.0
R_323hprILC8pWdpN,65,47,4,2,2,1,0.7,4,3,3,1,6,7,4,2,5,rep,35.0,1,3.0,4.0,6.0
R_e5Mo0m0Exby0aSB,76,68,1,3,1,3,0.9,4,4,7,5,6,4,3,2,1,dem,49.0,1,6.0,6.0,5.0
R_DnSofaXbCuezfcR,3,17,2,5,3,3,0.75,3,4,6,5,3,7,4,2,1,ind,22.0,1,6.0,3.0,3.0
R_3KJf7lUmk6Rein7,0,46,2,3,2,5,0.75,4,4,5,4,6,3,2,1,7,rep,31.0,1,5.0,5.0,5.0
R_12Kofm9cHx9F2q7,30,40,2,3,2,3,0.8,4,4,6,5,4,3,2,1,7,rep,45.0,1,4.333333333333333,4.333333333333333,4.0
R_1IydmC4ILq3HqGd,51,52,2,3,5,2,0.7,4,4,4,6,7,2,1,3,5,dem,25.0,1,3.0,3.0,4.0
R_OcAoHOJ1Kvnhe8N,25,25,2,4,2,4,0.75,4,4,5,1,3,2,6,4,7,ind,45.0,1,5.0,5.0,2.0
R_VWFmsuGYvNYpkyZ,10,30,2,2,3,4,0.45,4,4,4,3,1,2,5,6,7,ind,19.0,1,6.0,1.0,3.0
R_2TA8nf8KiHTZQxE,40,51,2,2,1,4,0.65,4,5,2,1,3,6,5,4,7,rep,48.0,1,4.333333333333333,3.6666666666666665,4.0
R_SB2mD7W78YKssZH,61,42,4,4,4,3,0.65,2,2,1,2,4,3,5,6,7,dem,24.0,1,5.333333333333333,5.333333333333333,4.0
R_10NREy8n5efaRPa,20,41,1,4,1,5,0.85,5,5,5,7,2,6,4,3,1,dem,41.0,1,6.0,6.0,3.0
R_Ojuc9PlBfrm5PTH,20,35,1,2,1,3,0.9,4,4,5,4,3,2,6,7,1,ind,23.0,1,6.333333333333333,5.333333333333333,2.0
R_1Ej4EwM1txpJxnr,27,26,1,3,4,4,0.7,5,5,1,3,2,5,4,6,7,ind,28.0,1,3.3333333333333335,7.0,6.0
R_YSpcIpmNUur2cs9,26,42,2,3,2,3,0.85,3,3,6,3,4,1,5,7,2,ind,31.0,1,4.333333333333333,5.0,5.0
R_2SkTfOvpFKXmCFw,35,42,2,4,3,3,0.65,3,4,1,2,4,5,3,6,7,ind,37.0,1,5.0,4.333333333333333,7.0
R_3LkbMnMZj0VoOSK,60,40,2,2,1,2,0.8,4,4,7,6,4,3,5,1,2,ind,30.0,1,4.666666666666667,4.333333333333333,3.0
R_2zGTqj0IaksFwjR,15,77,2,3,2,4,0.65,5,5,5,6,2,3,4,1,7,ind,30.0,1,6.0,6.0,4.0
R_3rHc8eC02UqEDDI,70,70,5,4,4,4,0.85,2,2,3,2,1,4,6,7,5,rep,31.0,1,5.333333333333333,5.333333333333333,6.0
R_12kZ9TAFdsBBETz,15,15,2,2,2,3,0.45,4,4,5,6,3,2,4,1,7,dem,46.0,1,4.666666666666667,4.333333333333333,5.0
R_RCzpaHYYnP9zjtT,25,50,2,3,3,5,0.8,4,4,5,6,4,1,2,3,7,ind,30.0,1,5.0,5.0,6.0
R_22QUzkgSjYo0WGk,28,53,3,3,3,3,0.6,3,3,1,2,3,4,5,6,7,dem,39.0,1,3.0,3.0,4.0
R_1JW1dYjhz7ILEqa,30,51,1,2,1,4,0.8,2,2,7,5,1,6,2,4,3,dem,21.0,1,5.333333333333333,4.333333333333333,3.0
R_V1YTeRK232uk8uZ,65,60,5,5,5,5,0.4,5,5,1,2,3,4,5,6,7,dem,47.0,1,4.0,2.6666666666666665,3.0
R_2yqs3eXUgnH59Wx,48,53,3,3,3,2,0.5,4,3,7,5,6,4,3,2,1,dem,31.0,1,5.333333333333333,5.666666666666667,5.0
R_3kMTAJfakwMBwVX,61,60,2,4,3,5,0.85,4,4,1,2,6,4,3,5,7,ind,30.0,1,5.0,6.666666666666667,5.0
R_cupMozzWbgJTCZH,30,33,2,2,2,2,0.9,4,4,3,2,7,5,1,6,4,rep,44.0,1,5.0,5.0,5.0
R_3LXvKWZL4fJEBS0,30,30,2,3,1,3,0.45,4,4,1,2,3,4,5,7,6,rep,26.0,1,4.0,4.0,3.0
R_3fB2cHLmA3X4M8F,5,10,2,2,2,2,0.75,4,5,6,4,2,5,7,3,1,dem,47.0,1,3.3333333333333335,3.0,6.0
R_1Fu1E3yOeZCyT45,40,30,2,3,2,5,0.9,4,5,1,2,3,5,4,6,7,ind,28.0,1,5.0,6.0,5.0
R_2DZHQcIeoh9C5zz,25,40,2,5,2,5,0.55,5,5,2,1,4,3,5,6,7,dem,42.0,1,7.0,5.0,4.0
R_3EycilJsEkfp4Tw,34,51,4,4,4,4,0.75,2,2,6,4,7,1,3,2,5,dem,34.0,1,5.0,7.0,4.0
R_1r6B8b24R9aXm17,18,29,2,3,2,3,0.85,4,5,5,7,1,4,2,3,6,rep,39.0,1,5.666666666666667,6.666666666666667,3.0
R_1rCvVPqQPLPiGZI,25,30,2,3,3,4,0.85,2,4,6,4,5,3,1,2,7,rep,35.0,1,4.666666666666667,4.666666666666667,4.0
R_VHV4PkyX3rxgB5D,40,40,1,1,1,2,0.7,5,5,1,2,6,4,3,5,7,rep,41.0,1,5.0,3.6666666666666665,8.0
R_3Pts5JpnzW7fRV4,35,15,2,3,2,3,0.85,3,4,6,7,5,3,4,2,1,rep,29.0,1,5.333333333333333,5.0,3.0
R_2uQfcLuNJDBIOcC,20,80,1,5,1,5,0.65,5,5,6,5,3,4,2,1,7,rep,30.0,1,5.0,5.0,3.0
R_1fjiKhztQLsv7sN,15,20,2,4,3,5,0.9,4,5,2,1,6,3,5,4,7,ind,25.0,1,2.6666666666666665,2.6666666666666665,5.0
R_3lM6AsglJ56ZAzS,15,30,2,4,2,4,0.9,4,5,1,3,6,5,4,2,7,ind,27.0,1,5.0,3.6666666666666665,4.0
R_2VJH8ntJGzFsrTJ,26,39,3,3,2,2,0.55,4,5,4,2,5,6,3,1,7,rep,23.0,1,4.333333333333333,5.333333333333333,2.0
R_1FPTkN3CqnLEJTe,25,25,2,4,3,3,0.75,5,5,7,6,1,2,3,4,5,rep,21.0,1,1.0,3.6666666666666665,5.0
R_2uOkHctYbZz8hMC,30,30,2,4,2,4,0.75,4,4,2,3,4,5,1,6,7,ind,39.0,1,5.0,5.0,5.0
R_T13hOD8oTZOXsDn,5,20,2,2,3,3,0.8,5,5,3,1,4,2,5,6,7,dem,39.0,1,5.0,5.0,5.0
R_2AYXy6DVVZMi0Jf,25,25,1,3,1,3,0.5,5,5,2,1,3,4,5,6,7,ind,53.0,1,5.0,5.0,4.0
R_r2WCdiOaS6FmpdT,30,57,1,2,2,3,0.75,4,5,5,1,6,4,2,3,7,rep,55.0,1,2.3333333333333335,5.0,5.0
R_2EiyYPcToHHu4vA,10,40,1,1,1,4,0.75,4,5,2,3,7,6,5,4,1,dem,27.0,1,6.0,4.666666666666667,5.0
R_OIr6EmgSyX4s37z,10,10,1,2,2,3,0.75,4,5,6,5,1,2,3,4,7,dem,59.0,1,5.0,2.0,7.0
R_3huOrgfXEdu9Wm3,36,14,3,3,3,3,0.55,2,3,2,6,7,5,3,4,1,rep,37.0,1,5.333333333333333,4.333333333333333,4.0
R_2dmaKouJJ9NY3eZ,30,40,1,5,1,5,0.85,4,5,6,5,3,2,1,4,7,dem,25.0,1,4.666666666666667,4.666666666666667,6.0
R_wZxORKVYvsE9inf,25,49,2,3,2,5,0.8,4,5,1,2,5,3,4,6,7,rep,25.0,1,5.333333333333333,4.333333333333333,5.0
R_1P7ONfcWwt2i58K,10,20,1,4,1,4,0.75,4,5,4,3,1,2,6,5,7,dem,34.0,1,5.0,5.333333333333333,2.0
R_2z91PHsTyUlkSJ7,60,60,2,3,2,4,0.75,5,5,4,3,5,6,2,1,7,dem,28.0,1,5.0,3.0,6.0
R_277EkgKB62smqZb,54,56,4,5,4,5,0.8,5,5,4,5,2,3,7,6,1,dem,44.0,1,3.6666666666666665,2.0,3.0
R_2wLhtEMlJPmfwDX,57,58,3,2,4,4,0.6,3,4,4,1,2,5,7,6,3,dem,19.0,1,5.0,4.333333333333333,2.0
R_Op9PCVozAVbp505,44,30,2,3,2,3,0.65,4,4,7,4,5,3,2,1,6,dem,20.0,1,6.0,6.0,3.0
R_3IT2Nn3PR4o8KFd,50,20,2,2,3,3,0.7,2,2,5,7,6,3,4,1,2,dem,42.0,1,7.0,6.333333333333333,2.0
R_2WMg33Cs8hUz1JG,30,30,2,4,3,4,0.85,4,4,6,3,2,5,4,1,7,dem,48.0,1,6.0,6.0,3.0
R_12l3k0blV737hau,15,34,3,3,4,4,0.7,5,4,2,1,6,4,5,3,7,dem,51.0,1,5.0,5.0,2.0
R_2zDfoKdQLE0bJSI,60,40,1,4,1,3,0.7,4,5,2,1,6,5,3,4,7,dem,29.0,1,5.333333333333333,6.333333333333333,5.0
R_OoEAxP3ijnQUU0x,50,10,2,3,1,3,0.75,5,4,2,1,3,4,5,6,7,ind,36.0,1,3.0,4.0,3.0
R_eLkmJi0OhH9QaTn,45,40,2,3,2,3,0.95,4,4,1,2,6,3,5,4,7,dem,34.0,1,4.666666666666667,5.0,4.0
R_ysf9BzehghvgwRX,65,45,1,3,1,3,0.75,3,3,2,3,1,4,6,5,7,ind,29.0,1,7.0,7.0,6.0
R_ekCK2ulcTqMwxCF,40,44,3,3,4,5,0.9,1,5,7,4,1,6,3,2,5,dem,22.0,1,6.0,5.0,3.0
R_3Pcw7dVNMJZLXYY,55,41,2,3,1,5,0.7,5,5,4,1,7,2,3,5,6,ind,44.0,1,3.0,1.0,5.0
R_1KvRgtbK1SDRyhA,10,34,2,3,1,3,0.75,4,4,1,4,6,3,5,2,7,rep,63.0,1,4.666666666666667,4.666666666666667,5.0
R_278SSWtDIKxtqmQ,10,8,1,2,1,2,0.75,4,4,3,1,4,5,6,2,7,rep,66.0,1,4.333333333333333,4.666666666666667,2.0
R_3k1TjT2cmiJMHx9,32,12,1,2,1,2,0.55,4,4,1,2,3,6,4,5,7,dem,41.0,1,4.0,4.666666666666667,3.0
R_DBGrGZZfCfgGcut,40,20,2,4,1,3,0.65,4,4,3,1,4,2,5,6,7,rep,37.0,1,2.0,5.0,5.0
R_3Rg3v0V5yBSBH9b,36,29,1,3,1,2,0.7,2,4,6,5,3,4,2,1,7,ind,26.0,1,7.0,6.0,2.0
R_3shnxgGJvSsZnwO,20,23,2,3,4,3,0.55,4,3,1,4,2,3,7,5,6,dem,30.0,1,5.0,5.666666666666667,6.0
R_Apn3NqmGQILfkgV,29,10,2,3,1,3,0.6,4,4,1,2,6,3,5,4,7,rep,36.0,1,5.0,5.0,2.0
R_5iEYcDfluaNSAMh,25,25,2,3,2,2,0.5,5,5,2,1,3,5,4,6,7,dem,49.0,1,5.0,4.666666666666667,5.0
R_6FiKcRJLhAG7b2h,60,60,4,4,4,4,0.9,4,4,1,2,4,5,3,6,7,dem,23.0,1,7.0,6.333333333333333,2.0
R_33khu8uEVIiRf5l,50,82,1,5,4,4,0.6,4,3,7,3,2,1,4,5,6,ind,27.0,1,6.0,6.0,3.0
R_DPjdpBYrUXX29Pz,31,60,2,2,2,4,0.75,2,2,1,3,4,2,5,6,7,dem,27.0,1,4.0,5.0,5.0
R_1ImCJ2PLmdahbxt,50,60,2,3,2,3,0.7,4,4,2,1,3,4,5,6,7,rep,51.0,1,5.0,5.0,4.0
R_1eQ6fV6UEBwBqlO,3,10,1,3,2,4,0.7,5,5,2,1,3,4,5,6,7,dem,26.0,1,6.666666666666667,6.0,5.0
R_1q3cJ8WWYMUaw3r,40,39,2,4,3,5,0.95,1,5,2,1,6,3,4,5,7,dem,25.0,1,5.0,2.6666666666666665,5.0
R_3lXpkzQ6SEUTRtF,45,40,3,3,2,4,0.75,4,4,1,2,3,4,5,6,7,rep,36.0,1,4.0,5.0,2.0
R_2YxoBKLJSKrBs7E,25,50,2,5,2,5,0.7,5,5,3,1,4,6,2,5,7,dem,43.0,1,3.3333333333333335,2.0,5.0
R_20MRf3bUxMRYd7o,34,42,3,4,1,5,0.8,5,5,1,3,6,2,4,5,7,ind,28.0,1,5.333333333333333,3.3333333333333335,3.0
R_3J7PzkUzfTdrChJ,40,30,3,4,2,4,0.7,4,5,2,5,4,6,3,1,7,dem,20.0,1,6.0,5.666666666666667,3.0
R_2sYoAe5Xw44PmSv,47,37,3,3,3,3,0.5,3,3,4,5,3,7,2,6,1,rep,25.0,1,5.0,3.6666666666666665,6.0
R_ddkAqxKFua1T5hn,57,40,2,3,1,4,0.75,4,5,1,4,6,2,3,5,7,ind,34.0,1,4.333333333333333,4.0,2.0
R_3fxxKcoZu2TlBuJ,19,23,2,3,2,3,0.6,4,4,1,2,7,5,3,4,6,ind,45.0,1,5.0,4.0,7.0
R_2YftSKEsa0jJ2Be,35,40,2,4,2,4,0.8,3,4,5,2,4,1,7,6,3,dem,20.0,1,2.3333333333333335,3.0,3.0
R_3e8GpER8Nu2YrZf,9,15,2,3,2,3,0.7,4,4,2,1,3,4,5,6,7,ind,42.0,1,5.0,5.0,5.0
R_1DXYD1EVUY8YZ0z,56,68,3,4,4,4,0.8,2,4,7,6,4,3,5,2,1,rep,37.0,1,4.666666666666667,4.0,5.0
R_2tfonpX1pdW4TFY,8,59,3,3,3,3,0.65,4,4,7,6,4,5,2,3,1,rep,41.0,1,5.333333333333333,5.0,6.0
R_2Y4crVfH6xvq31y,30,30,2,4,2,4,0.75,5,5,5,1,2,4,3,6,7,dem,54.0,1,3.0,5.666666666666667,3.0
R_6GdvSTpdW5AjIaZ,29,68,2,4,2,4,0.45,5,5,3,1,5,4,2,6,7,rep,49.0,1,3.0,3.0,3.0
R_1K1PqBbbbC5nP4J,82,89,4,4,4,4,0.75,3,3,1,2,7,4,5,3,6,ind,34.0,1,5.0,6.0,3.0
R_1IpfVq56fHAtsTs,21,70,1,2,1,2,0.8,4,4,6,2,5,3,4,1,7,ind,32.0,1,3.0,2.0,2.0
R_3rdojgbighwfLhv,55,6,2,3,2,2,0.7,2,2,7,3,5,4,6,2,1,dem,23.0,1,5.666666666666667,5.0,5.0
R_1N8hBzZFWuVxAqa,17,27,1,2,1,3,0.8,4,5,4,5,1,3,6,2,7,ind,40.0,1,4.0,4.666666666666667,3.0
R_bdQ2kz78W1bcplT,40,51,2,4,1,5,0.8,5,5,2,1,5,3,4,6,7,rep,57.0,1,5.0,5.0,5.0
R_21cTdYnAqq68jg1,10,11,1,3,2,3,0.8,5,5,3,4,2,7,6,5,1,dem,67.0,1,5.0,5.0,3.0
R_3me0Oy9AJGcjRCI,32,52,2,1,2,3,0.75,3,3,3,1,6,2,4,7,5,ind,40.0,1,3.6666666666666665,4.0,2.0
R_UgehwbYSQC9ApGx,11,16,2,5,3,3,0.6,2,4,3,2,1,7,6,5,4,ind,26.0,1,7.0,5.666666666666667,5.0
R_2cCN30XkWQaTzjJ,15,15,2,2,2,2,0.7,3,3,2,1,3,4,7,5,6,ind,33.0,1,4.666666666666667,4.666666666666667,4.0
R_PNhlOW7ZATm3NMl,6,47,1,1,1,1,0.75,4,4,1,2,3,4,7,5,6,rep,48.0,1,3.0,4.0,3.0
R_3h5UAbPlzJBRTFV,30,30,1,3,1,4,0.75,4,4,5,4,3,6,2,1,7,ind,41.0,1,6.0,7.0,6.0
R_2ANcE0wyAEyCyqR,44,46,3,3,1,3,0.45,3,4,1,2,3,4,5,6,7,rep,27.0,1,7.0,7.0,4.0
R_1gjTeSDGnrv3Ogh,17,24,2,4,2,4,0.8,2,2,2,1,6,3,4,5,7,dem,47.0,1,5.0,6.0,6.0
R_2SqNduCBMieFUfH,40,42,4,3,3,4,0.8,5,2,1,4,2,7,5,6,3,dem,34.0,1,5.0,5.333333333333333,5.0
R_2qfpbKXuOnN7wCf,60,50,2,5,2,5,0.8,5,5,3,2,4,1,5,6,7,dem,26.0,1,6.0,6.0,5.0
R_2t0i9fzdqcVGPaG,31,29,1,4,1,3,0.6,4,4,2,1,4,3,6,5,7,dem,21.0,1,3.3333333333333335,4.0,3.0
R_2cdSTz00vcXbcx1,32,20,2,3,2,4,0.8,5,5,2,1,5,3,4,6,7,ind,37.0,1,4.333333333333333,4.0,6.0
R_cG78riaInNjzq5b,34,92,2,3,3,4,0.95,4,5,1,2,3,4,5,6,7,dem,62.0,1,5.0,4.666666666666667,7.0
R_2cehwrICLpn7BBj,46,35,3,3,3,3,0.65,4,3,3,2,4,5,7,1,6,dem,37.0,1,5.666666666666667,5.0,5.0
R_qOwmshYQmzdvKff,5,3,1,1,1,2,0.65,4,4,5,7,2,4,3,1,6,rep,51.0,1,6.333333333333333,6.333333333333333,4.0
R_bCvS8W7xKgpMVPj,24,16,1,2,1,4,0.65,5,5,7,6,1,2,4,3,5,rep,38.0,1,6.0,2.3333333333333335,2.0
R_3EsT3gTeCBzQvbW,20,28,3,5,4,5,0.7,2,5,2,1,4,3,5,6,7,dem,35.0,1,5.333333333333333,5.0,3.0
R_3gR5Io8fo4c1JST,20,30,2,3,2,4,0.8,4,4,1,3,2,4,6,5,7,ind,56.0,1,4.0,5.0,5.0
R_2QQKEpL8dscHq2m,33,40,1,5,2,5,0.55,1,5,7,6,2,4,3,5,1,dem,35.0,1,5.666666666666667,5.0,4.0
R_xD6oIUHW5gLScMh,20,34,1,3,1,2,0.75,4,4,5,6,1,2,3,4,7,dem,36.0,1,5.0,6.333333333333333,5.0
R_2wHTSTkTotwxVqP,10,30,1,2,1,2,0.8,4,4,1,4,2,3,5,6,7,ind,45.0,1,3.0,3.6666666666666665,8.0
R_1ifD58GDCtOWxie,22,20,2,4,1,4,0.9,1,1,1,2,4,3,5,6,7,rep,29.0,1,7.0,7.0,3.0
R_2dYYWGOUCimWDqw,20,41,2,3,4,4,0.75,5,5,1,2,4,3,5,6,7,dem,39.0,1,4.0,3.6666666666666665,3.0
R_SDecJZG0HX2n4iJ,25,25,2,4,1,5,0.6,4,5,1,2,3,4,5,6,7,dem,55.0,1,4.0,2.0,6.0
R_1Ojz1rowu0yiPnU,31,35,1,3,1,3,0.7,5,3,1,7,2,3,4,5,6,ind,67.0,1,5.0,4.0,6.0
R_szloQTgd1r2hWHn,21,55,5,4,3,4,0.7,3,2,2,3,1,4,5,7,6,dem,28.0,1,4.666666666666667,6.0,4.0
R_2E0mIWiYWMjiXeS,15,25,2,2,2,2,0.7,4,4,3,7,6,5,2,1,4,dem,32.0,1,3.6666666666666665,4.0,5.0
R_1jBQ6jFnmFNumDT,10,10,2,2,2,3,0.75,4,3,6,7,5,1,2,3,4,dem,42.0,1,3.0,3.6666666666666665,6.0
R_3RxfbBagec111vg,33,26,2,4,2,3,0.6,3,4,1,2,3,4,5,6,7,rep,32.0,1,3.0,4.333333333333333,5.0
R_a9kZe46aj3wcHfj,25,25,1,3,2,3,0.7,1,1,1,3,2,6,5,4,7,ind,24.0,1,6.0,5.666666666666667,3.0
R_12yAoIzKv9wS6zZ,30,74,2,3,2,4,0.85,4,4,4,7,5,6,3,1,2,rep,26.0,1,7.0,7.0,6.0
R_3lWXBu1x1SuIAhK,30,40,3,3,3,5,0.9,4,4,2,1,3,4,5,7,6,ind,39.0,1,4.0,5.0,5.0
R_qOzU7opZtFQ3LVf,30,50,3,3,2,4,0.8,4,5,5,1,2,3,6,4,7,dem,23.0,1,6.333333333333333,4.666666666666667,3.0
R_2CWiOXLhgyygk82,28,32,2,3,2,3,0.7,4,4,4,3,7,5,1,2,6,ind,56.0,1,3.3333333333333335,4.666666666666667,4.0
R_2sbwACyqNaRSpwk,47,60,3,3,3,3,0.5,3,2,1,2,3,4,5,6,7,dem,32.0,1,5.333333333333333,5.333333333333333,6.0
R_3QFOZbX2hhefXBb,10,9,1,2,1,2,0.65,5,5,5,6,1,2,3,4,7,ind,59.0,1,5.0,6.0,5.0
R_1Ic2TQiOqB9va66,20,55,2,2,1,2,0.6,4,4,1,3,2,4,5,6,7,rep,54.0,1,4.0,3.0,5.0
R_UcL2UD0Wwp2RYxr,5,46,1,3,1,4,0.95,5,5,7,4,6,3,5,2,1,dem,22.0,1,4.666666666666667,4.666666666666667,3.0
R_4GH28Bp003PAYbn,27,15,2,5,2,5,0.65,1,5,3,1,6,2,4,5,7,ind,40.0,1,4.666666666666667,4.333333333333333,3.0
R_1QfsV7i950W4KST,21,21,3,3,4,5,0.85,4,5,3,4,5,6,2,1,7,dem,33.0,1,5.666666666666667,2.6666666666666665,5.0
R_3LcAkT8IXQzt0GA,17,18,1,3,1,2,0.9,5,4,1,7,2,4,3,5,6,ind,43.0,1,4.333333333333333,4.333333333333333,4.0
R_sIrzDoy6QatoO7n,25,39,2,5,2,5,0.7,3,3,1,3,4,5,6,7,2,ind,20.0,1,6.0,7.0,3.0
R_27VFM9dGW2HmgCZ,60,45,1,1,1,3,0.65,3,3,4,7,5,6,2,3,1,ind,25.0,1,5.333333333333333,5.333333333333333,4.0
R_2rVDCRHF9mGOdzq,10,42,2,3,5,4,0.75,5,5,2,4,6,1,3,5,7,rep,45.0,1,4.0,5.0,5.0
R_1GB2e59tpZr82iC,1,3,2,2,2,2,0.6,4,4,1,3,2,4,6,5,7,dem,48.0,1,1.0,2.6666666666666665,3.0
R_3D0JURv7AeeDHsl,71,82,1,5,1,4,0.7,5,5,1,3,6,2,5,7,4,rep,46.0,1,5.333333333333333,5.666666666666667,2.0
R_22wT9AKoGuPjoeD,11,60,1,2,4,3,0.4,4,2,2,4,6,3,1,7,5,rep,46.0,1,3.6666666666666665,5.333333333333333,5.0
R_2b1OUIGiUp9lPGo,9,7,4,4,4,4,0.6,2,1,2,4,6,3,1,5,7,ind,23.0,1,5.0,6.333333333333333,5.0
R_1f0YT9jygN9L5Tn,21,31,3,3,3,3,0.8,4,4,1,2,3,4,5,6,7,dem,35.0,1,5.0,4.333333333333333,5.0
R_2TvpFgH4hC4lIef,20,10,2,4,2,4,0.8,4,4,1,3,6,4,2,5,7,dem,29.0,1,4.333333333333333,5.0,5.0
R_3CNSlg1guqgzDDl,11,15,2,2,2,4,0.85,4,4,7,5,1,4,3,2,6,dem,22.0,1,6.0,5.0,5.0
R_3O6r79vgllwsudn,40,40,2,5,1,5,0.6,4,4,3,5,2,7,6,1,4,ind,28.0,1,5.333333333333333,6.0,5.0
R_1dyroDfAmLxymhc,40,35,1,2,2,4,0.6,4,5,5,3,6,2,4,1,7,ind,27.0,1,6.0,6.0,3.0
R_1Cp5ulLWJgAiyXe,20,20,2,2,1,3,0.95,4,4,3,1,5,4,7,2,6,dem,21.0,1,5.0,5.333333333333333,3.0
R_xnrUPKH7aYuAfwB,25,70,1,2,2,2,0.7,3,4,6,2,4,3,1,5,7,dem,50.0,1,5.333333333333333,5.0,3.0
R_Xk82KZDEvfGka5z,7,25,1,2,2,3,0.85,4,5,6,7,3,4,2,5,1,rep,46.0,1,5.0,6.0,5.0
R_2rjeFD3i0zEDoIW,60,70,3,4,3,5,0.6,4,4,5,7,3,6,2,1,4,dem,37.0,1,5.0,5.0,4.0
R_2VP8Uw1cO3zJ1ic,30,10,2,3,4,4,0.8,4,4,2,1,4,3,5,6,7,dem,34.0,1,1.6666666666666667,4.666666666666667,6.0
R_Zr7xIkVnhgAuQ25,40,30,3,3,3,3,0.45,2,2,2,1,6,4,5,7,3,ind,27.0,1,3.6666666666666665,5.0,5.0
R_1kIanwmnfEYktu2,50,50,1,2,3,3,0.6,5,5,5,1,2,3,4,7,6,dem,50.0,1,1.0,1.3333333333333333,3.0
R_25AEnW6BieL9cEF,30,20,2,3,1,3,0.7,4,4,3,2,4,5,6,1,7,rep,51.0,1,5.0,6.0,5.0
R_22EwVI0M1YZmITv,53,38,2,3,2,3,0.6,4,4,6,3,4,2,1,5,7,rep,67.0,1,5.0,5.0,2.0
R_0OhK3jvfh0UtfMJ,20,31,1,1,1,3,0.9,3,4,2,1,3,5,6,4,7,dem,38.0,1,5.666666666666667,5.0,5.0
R_2czo9oz6d518SpD,7,10,1,1,1,4,0.45,2,5,2,1,3,4,5,6,7,ind,20.0,1,2.6666666666666665,7.0,3.0
R_1IzKXUrAoNfNtY7,30,30,3,3,3,4,0.6,3,2,1,5,6,4,2,3,7,dem,50.0,1,5.666666666666667,5.333333333333333,6.0
R_vAzn3zBcuqYW10J,20,30,2,4,2,5,0.8,5,5,2,1,4,5,3,6,7,dem,73.0,1,4.0,5.0,5.0
R_1EYcPRkimIOh6BG,31,35,2,3,2,4,0.7,4,4,1,3,4,6,5,2,7,ind,19.0,1,5.333333333333333,5.0,3.0
R_1dAyWFR7oEQTCQs,53,52,3,3,3,3,0.8,2,2,1,3,2,4,5,6,7,ind,24.0,1,4.333333333333333,5.0,3.0
R_3e5dxru9pRUTuhE,40,51,4,3,4,5,0.4,3,2,7,1,3,2,6,4,5,ind,22.0,1,4.0,5.0,5.0
R_31aDjn2attHtVGl,57,45,2,3,2,3,0.6,3,3,6,2,5,1,4,7,3,dem,56.0,1,4.333333333333333,4.666666666666667,3.0
R_3L1rPrP4AuI6nBp,30,23,1,3,2,3,0.7,4,2,7,3,5,6,4,2,1,ind,36.0,1,5.0,5.0,5.0
R_8FYIFYG8eY77DeF,28,39,2,4,1,4,0.7,1,2,1,6,3,5,4,2,7,ind,25.0,1,6.0,5.0,5.0
R_1rwwAp6QNaLIAmh,44,49,2,4,4,3,0.5,3,3,1,2,3,5,6,7,4,ind,34.0,1,5.0,4.666666666666667,3.0
R_2QR3n23cNmu0Um2,15,35,2,3,2,3,0.4,4,5,2,1,6,3,4,5,7,dem,60.0,1,3.3333333333333335,3.0,3.0
R_1r9xVMzkhHsKrRj,61,50,1,4,1,3,0.65,4,4,1,3,5,4,2,6,7,ind,29.0,1,4.0,4.0,2.0
R_54rIoZdO4K9DChj,30,55,2,2,2,3,0.9,3,4,6,7,3,5,1,2,4,ind,23.0,1,4.333333333333333,3.0,2.0
R_2BtFumDacB669cH,35,33,2,3,3,5,0.8,4,4,3,4,5,6,2,1,7,ind,27.0,1,3.0,2.0,3.0
R_3dNhaX95igESLWU,31,39,2,5,2,3,0.65,4,4,3,2,1,4,5,6,7,ind,18.0,1,5.0,4.666666666666667,2.0
R_R9pSLaXQFBlFxdf,10,25,1,3,2,3,0.9,3,4,5,4,6,7,2,3,1,ind,22.0,1,6.333333333333333,5.0,4.0
R_3fjTjAax4Ah1EhP,41,48,2,2,3,3,0.95,3,2,2,1,4,5,3,6,7,ind,21.0,1,6.0,6.0,3.0
R_OBxB3VRvbOseg3n,30,50,3,4,3,5,0.9,5,5,1,2,3,4,5,6,7,rep,51.0,1,3.6666666666666665,4.333333333333333,4.0
R_xmZ00VIBIFBF5wB,19,33,2,4,2,3,0.85,4,5,2,1,3,4,6,5,7,ind,38.0,1,3.6666666666666665,5.333333333333333,5.0
R_110dIijPZQdvffI,51,50,2,4,3,4,0.75,5,5,1,7,4,6,2,3,5,ind,52.0,1,4.0,4.333333333333333,4.0
R_1kZW6WY0d1mLzNr,20,35,2,3,3,4,0.95,5,5,1,3,2,5,4,6,7,dem,21.0,1,6.0,5.0,4.0
R_25ynziBxHQgITH0,40,30,1,4,1,5,0.75,5,5,2,1,4,5,6,3,7,rep,29.0,1,5.666666666666667,5.0,3.0
R_1dvhsnqRBgJkNyG,10,5,1,2,1,2,0.6,4,4,1,4,7,3,5,2,6,rep,69.0,1,4.666666666666667,3.3333333333333335,2.0
R_qWrTJKaESfPQ8RX,80,79,5,5,4,4,0.65,1,1,4,6,7,1,2,3,5,ind,27.0,1,6.333333333333333,6.333333333333333,5.0
R_3HHLl4QboIuFvL7,50,61,2,4,2,4,0.7,2,4,3,1,4,5,2,6,7,ind,27.0,1,5.666666666666667,5.0,6.0
R_2zv7QIxojZRZOTl,10,40,1,2,2,4,0.8,5,5,2,1,6,3,4,5,7,ind,55.0,1,5.0,3.3333333333333335,5.0
R_2rH4AMYn4xm031o,15,50,1,3,1,3,0.8,2,4,6,5,3,4,2,1,7,ind,24.0,1,5.0,2.6666666666666665,5.0
R_2dmz5CaGvv3hArl,8,25,2,3,4,4,0.6,4,2,5,1,6,4,3,2,7,ind,32.0,1,5.333333333333333,4.666666666666667,6.0
R_QmPMUB4qZIHz9wB,41,45,2,4,3,5,0.75,5,5,4,1,5,2,3,6,7,dem,24.0,1,6.0,3.3333333333333335,3.0
R_3DHdjj387zC2iL7,29,49,1,2,2,3,0.8,4,1,7,2,6,1,5,4,3,ind,28.0,1,5.333333333333333,5.0,6.0
R_3lFy88ZQaftQmVb,33,31,1,2,1,2,0.55,4,4,5,6,2,3,1,4,7,ind,31.0,1,5.0,5.0,5.0
R_33lLqle4Ndf22nx,60,40,3,4,1,4,0.7,4,4,5,2,3,4,6,1,7,ind,27.0,1,3.0,5.0,6.0
R_20UkPyxfykwMEny,51,51,2,4,2,5,0.75,3,3,1,4,2,3,6,7,5,ind,39.0,1,4.666666666666667,3.3333333333333335,3.0
R_VV9QX5KQ7SK5ppT,40,40,2,4,2,4,0.85,5,5,2,1,4,3,5,6,7,dem,53.0,1,6.0,6.333333333333333,4.0
R_2ePW6nwLC4EODR6,48,37,2,4,2,4,0.55,5,5,3,1,6,2,4,5,7,ind,45.0,1,5.0,5.666666666666667,3.0
R_2w0S2XOwAgNmkRw,40,41,3,5,4,4,0.75,5,5,1,3,4,5,2,6,7,dem,26.0,1,1.0,1.0,5.0
R_2dS04t80dGiigyL,35,33,3,2,3,3,0.7,3,4,1,2,3,4,5,6,7,dem,26.0,1,5.0,5.333333333333333,3.0
R_29hISwh1nr0HmsU,75,70,3,4,4,4,0.6,4,4,1,2,3,4,5,6,7,ind,27.0,1,4.0,4.0,4.0
R_BDRsfMQegosPkAN,10,10,2,3,3,4,0.65,3,4,7,3,2,5,4,6,1,ind,47.0,1,4.0,4.666666666666667,5.0
R_VPTUFPi8lbZBFKh,5,38,2,2,3,3,0.55,3,3,5,2,6,4,7,1,3,ind,57.0,1,4.0,4.0,2.0
R_2CIlRcYeLzBlJfD,30,30,2,2,3,2,0.75,4,5,1,4,3,2,5,6,7,dem,40.0,1,4.666666666666667,3.0,5.0
R_1dmARYsXRdiMerR,20,25,2,2,2,3,0.6,4,4,2,1,3,4,5,6,7,ind,43.0,1,4.0,4.0,5.0
R_u2m1z8U99uluvqV,15,20,2,3,2,3,0.85,5,4,1,2,3,4,6,5,7,ind,49.0,1,5.0,3.0,6.0
R_1gOrE2KG4gpWf39,5,10,2,2,2,3,0.8,5,5,2,1,5,3,4,6,7,dem,46.0,1,5.0,5.0,5.0
R_41nHBiIJBecvWvL,31,50,2,5,4,5,0.65,4,5,6,3,2,1,4,7,5,ind,22.0,1,6.0,6.0,3.0
R_3DtPJjVazggVWxj,62,70,1,4,1,5,0.85,5,5,1,2,3,5,4,6,7,dem,26.0,1,6.666666666666667,5.0,3.0
R_egoE6Isu0ip0eEF,20,70,1,3,2,4,0.75,5,5,1,2,7,6,3,4,5,dem,35.0,1,6.666666666666667,6.0,4.0
R_2vesTwUsHfxNpib,11,15,2,3,2,4,0.75,4,4,7,3,4,5,6,2,1,dem,24.0,1,5.0,4.0,5.0
R_5bUs7I9cGngF9N7,61,31,4,4,4,4,0.75,2,2,2,3,1,7,5,6,4,dem,41.0,1,6.0,6.666666666666667,3.0
R_3FXzyiyDXNull6z,60,50,2,2,2,2,0.95,4,3,6,7,2,3,5,4,1,ind,30.0,1,4.333333333333333,4.0,3.0
R_22rUcnNF8AttxEL,20,30,2,2,3,5,0.75,5,5,1,2,3,4,5,6,7,ind,31.0,1,4.666666666666667,4.666666666666667,3.0
R_3RdTQbBIgm15pBI,30,35,2,3,2,3,0.7,4,4,2,1,3,4,5,6,7,dem,36.0,1,5.333333333333333,5.0,6.0
R_1gejAWFcY4LCFya,20,30,1,2,1,3,0.75,5,5,6,5,1,7,3,4,2,ind,33.0,1,6.666666666666667,6.0,5.0
R_2CClHrMU9lIwhoh,31,71,3,2,3,2,0.7,4,5,1,2,4,3,5,7,6,dem,30.0,1,5.666666666666667,6.333333333333333,6.0
R_1N8IL5z41mjh6oP,20,20,1,2,1,2,0.65,3,3,6,1,4,5,2,3,7,ind,32.0,1,4.333333333333333,4.0,4.0
R_AvcDw1Go4oB1985,39,34,2,3,1,5,0.75,5,5,5,6,4,3,1,2,7,rep,44.0,1,5.0,5.0,2.0
R_1qV6L8SmB04BhgO,30,39,2,2,3,3,0.7,4,4,7,5,1,4,6,2,3,rep,63.0,1,5.0,5.0,5.0
R_2EoyueIasphsi1W,10,25,2,3,3,3,0.8,3,3,5,3,6,4,2,1,7,ind,29.0,1,4.0,4.666666666666667,1.0
R_3IXLJl6JbEOCXWQ,30,30,2,3,1,2,0.9,4,4,6,7,4,2,3,1,5,ind,32.0,1,2.0,4.0,2.0
R_31hDjzXlG8DVgH2,72,81,2,4,1,5,0.85,2,5,6,3,1,2,4,5,7,dem,36.0,1,5.333333333333333,6.333333333333333,5.0
R_xbXFg62PyziBiqR,50,61,2,2,3,4,0.7,4,4,1,5,6,2,3,4,7,ind,40.0,1,6.0,6.0,6.0
R_26mp6iIsviNBplD,20,10,2,2,2,3,0.75,4,4,1,6,2,5,3,4,7,dem,23.0,1,6.0,5.0,5.0
R_2ahimR9YTmtTzFk,28,47,2,3,2,3,0.8,3,3,1,6,5,3,2,4,7,ind,34.0,1,5.0,4.0,5.0
R_2qCpyvjwaRGlfid,31,10,2,4,3,2,0.65,5,2,4,3,5,7,2,1,6,ind,36.0,1,4.0,6.0,2.0
R_2vZgDTlnF5lptxF,8,70,1,3,3,1,0.6,3,3,6,4,3,7,2,5,1,ind,28.0,1,6.0,5.0,3.0
R_08pPX6VR8Un9aPT,51,61,3,3,3,4,0.45,4,4,5,3,1,4,6,2,7,rep,37.0,1,5.0,6.0,6.0
R_3mdHAtdvlxeAXpa,34,60,1,3,1,3,0.85,5,5,6,4,3,1,5,2,7,dem,26.0,1,5.0,5.0,4.0
R_3JaWdqwe5Vj5DHd,31,17,1,3,1,2,0.9,4,4,1,4,2,5,3,6,7,ind,25.0,1,6.0,3.6666666666666665,5.0
R_3ikktCDI88UkMmC,25,8,1,5,2,5,0.65,5,5,2,1,3,5,4,6,7,dem,60.0,1,5.0,5.0,3.0
R_24cK2ukKBdvkLFS,15,15,2,2,2,2,0.45,3,3,6,7,4,5,3,2,1,rep,46.0,1,4.0,4.0,6.0
R_OHGptCHjnHHSh0Z,39,39,3,4,3,5,0.85,4,5,2,1,6,4,3,5,7,dem,28.0,1,4.666666666666667,5.0,5.0
R_XvyS75X4eo3W81z,30,16,2,4,3,5,0.65,3,2,6,4,1,3,5,7,2,dem,25.0,1,4.0,4.333333333333333,5.0
R_3k6RxqfyAv0nq3J,60,60,2,2,2,3,0.7,5,5,2,1,4,3,5,6,7,dem,66.0,1,4.666666666666667,3.6666666666666665,5.0
R_SPgH5mnWD2syFY5,20,19,2,3,3,3,0.65,5,5,2,3,4,1,5,6,7,rep,39.0,1,5.666666666666667,4.0,5.0
R_2D2AyTTsKQilPIS,15,24,2,2,2,3,0.7,4,5,4,5,1,6,2,3,7,dem,39.0,1,5.666666666666667,5.333333333333333,5.0
R_3svOntALko4Wcw8,75,75,3,3,3,3,0.7,5,5,6,7,4,5,3,2,1,ind,26.0,1,3.6666666666666665,3.0,3.0
R_2rTJpUHEi59WRcW,29,92,2,2,1,2,0.5,4,4,1,7,6,4,2,3,5,rep,42.0,1,6.0,7.0,2.0
R_1M4drXcfj74UUZw,20,23,1,3,1,4,0.75,3,3,5,3,4,1,2,6,7,dem,37.0,1,7.0,6.0,3.0
R_2qwMZydUFhkEKf3,30,50,2,3,3,4,0.8,5,5,6,7,1,2,4,3,5,dem,24.0,1,5.0,3.0,5.0
R_24r6fA0828HgT55,79,65,4,3,4,3,0.7,3,3,2,1,3,4,6,5,7,ind,34.0,1,5.666666666666667,6.0,3.0
R_xzqiR80L2xSwZln,29,39,2,4,2,3,0.55,2,3,3,2,7,6,4,5,1,ind,24.0,1,4.666666666666667,6.0,3.0
R_3MQYC1ErGySunWv,22,22,3,3,1,5,0.5,4,4,1,4,2,3,5,6,7,rep,60.0,1,3.3333333333333335,2.0,2.0
R_1jqYLOWcR9L4PzS,30,25,3,3,5,4,0.8,4,4,2,1,3,5,6,4,7,dem,35.0,1,5.333333333333333,5.0,6.0
R_1Kki3uRKMmY3tDq,31,54,1,3,1,3,0.95,4,4,1,2,6,5,7,3,4,rep,21.0,1,6.666666666666667,6.0,5.0
R_1MYf3mZyLZFpTqq,30,20,1,3,1,1,0.7,3,5,1,7,2,5,3,6,4,rep,26.0,1,4.0,4.0,2.0
R_1HntSUi8qjGprx2,19,29,2,3,2,3,0.9,4,4,5,4,6,3,2,1,7,dem,31.0,1,3.6666666666666665,4.333333333333333,5.0
R_2b3JAtex08kMJEY,30,30,2,3,3,3,0.75,3,4,5,4,6,7,3,2,1,ind,24.0,1,6.0,5.0,3.0
R_voGX4Oda4HPR54J,10,20,2,3,2,5,0.85,5,5,1,2,3,4,5,6,7,dem,23.0,1,4.666666666666667,5.0,5.0
R_2qC3oDB5DdDTIpk,53,51,3,3,3,3,0.35,3,3,1,2,3,4,5,6,7,dem,28.0,1,3.6666666666666665,3.6666666666666665,3.0
R_qXfRjODtrt4c5Et,23,33,2,3,2,3,0.8,4,4,2,1,4,3,5,6,7,dem,45.0,1,4.666666666666667,5.0,3.0
R_32IOst0qpigft1q,54,51,3,4,3,4,0.6,3,4,7,6,3,4,5,1,2,ind,37.0,1,5.0,4.0,5.0
R_269iUq6YqhaWDvD,0,15,1,3,1,5,0.75,5,5,2,1,5,3,4,6,7,dem,29.0,1,4.333333333333333,5.0,5.0
R_2ay0osCfZGVpFGa,10,50,2,2,3,4,0.65,5,5,3,4,5,2,1,6,7,ind,46.0,1,1.3333333333333333,5.0,2.0
R_3hlknJPdcOoVxVP,30,30,2,3,4,3,0.75,4,4,5,3,6,4,2,1,7,dem,33.0,1,5.0,5.666666666666667,5.0
R_3DoQrvJnUaL6lS4,18,50,1,5,2,5,0.8,1,1,2,1,3,4,5,6,7,dem,53.0,1,3.0,3.0,3.0
R_10It72BfgqiWN1J,12,30,2,3,2,4,0.75,5,5,2,1,3,4,5,6,7,dem,25.0,1,5.0,5.0,5.0
R_rcJFJu4o9tZ1IGt,25,27,1,5,1,1,0.8,3,3,6,3,5,2,1,7,4,rep,26.0,1,7.0,7.0,5.0
R_3fNLoDgs7MK8YAq,15,15,3,4,3,4,0.75,5,5,2,1,3,4,5,6,7,ind,25.0,1,3.0,2.3333333333333335,5.0
R_0wgcYPvgENc0bDz,25,20,1,2,4,4,0.75,4,4,6,4,1,7,3,2,5,rep,26.0,1,6.333333333333333,6.333333333333333,5.0
R_3s0INN7na0T6ZR8,77,77,4,4,4,3,0.6,3,2,6,4,7,1,3,2,5,dem,31.0,1,5.333333333333333,5.666666666666667,3.0
R_vVnTIrRFusyd3O1,13,19,1,4,1,4,0.6,3,3,3,1,2,4,6,5,7,dem,43.0,1,4.0,3.0,3.0
R_Zws4a90mMrM8R8Z,21,82,1,2,1,2,0.65,4,4,5,4,3,1,2,6,7,rep,54.0,1,3.0,3.0,5.0
R_2PzzWYe7DODJBBB,30,60,2,4,2,5,0.75,4,5,1,2,4,6,5,3,7,dem,24.0,1,4.0,2.6666666666666665,5.0
R_2uQ9dZ6VAb8aJ4T,20,20,1,3,1,3,0.6,4,5,1,3,4,2,5,6,7,ind,25.0,1,6.0,6.0,5.0
R_1N82L74sp9ywL4S,61,58,4,4,4,4,0.65,2,3,2,5,6,4,1,3,7,ind,37.0,1,4.333333333333333,5.666666666666667,3.0
R_3Rt2gTYUN7RgroO,10,44,1,3,1,3,0.8,4,5,6,7,5,4,3,1,2,rep,30.0,1,6.0,5.666666666666667,8.0
R_x5SPRiSvfknWf7j,30,50,3,4,3,3,0.75,4,2,7,6,5,4,3,2,1,rep,25.0,1,5.0,5.666666666666667,5.0
R_1nPkWZIciYSVPJa,51,50,1,3,3,3,0.7,5,4,7,6,5,4,3,1,2,dem,32.0,1,6.0,5.0,5.0
R_1IzrtLWF2zN7PNF,25,40,1,3,1,3,0.85,4,4,6,5,3,4,2,1,7,ind,24.0,1,5.0,5.0,2.0
R_tMaEB8VOdSRi7oR,20,20,1,3,1,3,0.75,5,5,1,3,7,4,2,6,5,dem,37.0,1,5.0,6.0,5.0
R_etgIaU3qUzYmbHr,42,73,4,4,3,5,0.55,4,3,1,2,6,4,3,7,5,rep,61.0,1,1.6666666666666667,1.0,4.0
R_1l44TrFu3KkftaM,30,46,1,2,1,3,0.65,5,3,2,4,7,1,3,5,6,rep,57.0,1,4.0,5.0,5.0
R_2tx6rKjrEMhGStc,36,31,2,3,3,4,0.75,4,5,3,1,4,6,5,2,7,dem,21.0,1,3.0,5.333333333333333,3.0
R_3nTwT3mjJPtjXKM,45,50,2,3,2,4,0.8,4,4,3,6,5,7,4,2,1,dem,31.0,1,5.333333333333333,5.0,4.0
R_wToDdVDntcWe7sd,40,60,1,4,2,4,0.8,4,4,5,2,3,7,4,1,6,dem,33.0,1,5.333333333333333,5.0,6.0
R_2A0BQgsUz23kzgh,19,25,2,3,2,3,0.6,4,4,1,6,7,5,4,2,3,ind,21.0,1,5.666666666666667,4.333333333333333,3.0
R_4OPRuBgVK6tCnxD,10,10,2,4,2,3,0.8,3,3,1,6,2,3,7,4,5,dem,25.0,1,5.666666666666667,5.0,5.0
R_2rqhH9stwiP5cf0,40,38,2,3,2,4,0.75,5,5,7,3,4,5,2,1,6,ind,29.0,1,6.0,5.666666666666667,4.0
R_2saHENEBpM54cyF,20,30,2,4,1,3,0.8,4,4,5,4,3,2,6,1,7,rep,26.0,1,5.333333333333333,3.3333333333333335,4.0
R_21iGoQAs2HJd0sZ,27,34,1,3,2,3,0.75,3,4,5,6,2,4,3,1,7,ind,44.0,1,6.666666666666667,6.0,5.0
R_27s4uG7Lfm8n7lA,40,50,2,2,3,3,0.85,4,4,2,1,3,6,5,4,7,dem,45.0,1,5.0,3.0,2.0
R_1IRElC1Ou0foA8A,50,40,5,4,4,4,0.5,1,1,1,2,3,4,5,6,7,dem,28.0,1,6.333333333333333,6.333333333333333,4.0
R_1go7lx949Vyl6Qk,20,50,2,2,1,4,0.75,4,4,3,1,4,2,5,6,7,rep,21.0,1,5.0,5.0,2.0
R_3PhN3DBdBoV4wrO,67,49,3,3,3,4,0.8,1,1,6,5,4,3,2,1,7,dem,22.0,1,4.0,5.0,5.0
R_3DC5qemlEXYPuQ9,76,80,2,4,1,5,0.7,5,5,2,1,3,5,6,4,7,rep,49.0,1,3.0,3.0,3.0
R_1mpXfLnxVjIoI2P,26,55,1,4,2,5,0.85,5,5,6,5,4,2,1,3,7,dem,73.0,1,5.0,5.0,6.0
R_22zvl9ezlWZWQBL,20,23,2,3,2,3,0.85,5,5,1,3,6,2,4,5,7,dem,43.0,1,6.0,6.0,6.0
R_3D1OnTqtjqzimlB,40,64,3,4,4,5,0.65,4,4,2,1,4,6,7,5,3,dem,38.0,1,4.666666666666667,4.666666666666667,4.0
R_3EyTUlCfCQZM5My,19,45,3,2,2,5,0.85,4,5,2,3,4,5,6,1,7,ind,45.0,1,1.0,5.0,5.0
R_2bPgFhYKE8fvSZ0,30,40,1,2,1,3,0.6,3,3,6,7,2,4,3,1,5,ind,31.0,1,4.0,3.0,6.0
R_1eOEvL66qfa3uVf,65,46,3,4,4,2,0.6,3,3,1,3,2,6,5,4,7,rep,26.0,1,4.0,5.0,5.0
R_1i859S1TKdrcqox,20,20,1,2,2,3,0.75,4,4,2,1,3,4,5,6,7,ind,56.0,1,5.0,5.0,5.0
R_2UXx4ulDQlf3FxP,40,34,1,3,1,3,0.8,5,5,2,1,4,5,6,3,7,dem,25.0,1,6.0,6.0,3.0
R_1rB8VdMIu8FzoMO,24,40,2,3,3,3,0.5,4,4,1,2,3,5,6,4,7,rep,31.0,1,1.6666666666666667,3.3333333333333335,4.0
R_3elsFHsVqElzwMJ,18,30,3,5,3,2,0.7,4,2,1,2,3,5,4,6,7,ind,27.0,1,4.0,2.6666666666666665,4.0
R_22MuFkGYgUhpI4y,61,67,3,5,1,5,0.75,4,5,5,1,4,2,3,6,7,rep,38.0,1,5.0,5.0,5.0
R_2pX32gqmidhPGaO,25,40,3,3,4,4,0.55,5,4,3,5,4,1,2,6,7,rep,57.0,1,3.0,6.0,3.0
R_1dzU3CN5FEiJeI4,70,60,3,3,2,3,0.65,4,4,3,4,5,2,6,1,7,rep,42.0,1,5.0,5.0,6.0
R_2QS8c9WBZnUfVh7,20,50,1,2,2,2,0.5,5,5,3,2,6,5,1,4,7,rep,37.0,1,3.0,2.0,8.0
R_3iRodU2Oqxe4iPT,20,30,1,3,1,4,0.6,5,5,1,2,5,3,4,7,6,ind,43.0,1,4.0,4.0,5.0
R_31uSym7m7v7C3sC,19,20,2,3,1,3,0.7,4,4,1,5,4,3,2,6,7,dem,24.0,1,4.0,3.6666666666666665,6.0
R_2scIeIWfJ8z4SOJ,60,55,1,4,2,4,0.8,4,5,3,1,6,4,2,5,7,dem,34.0,1,5.0,5.0,5.0
R_vf2lON968Q2CV0d,50,26,3,2,4,5,0.75,4,4,2,1,3,5,4,6,7,rep,25.0,1,4.0,5.333333333333333,5.0
R_qLzmNlACIBLNiyl,15,45,1,3,2,2,0.75,4,3,2,1,4,5,7,6,3,rep,36.0,1,3.0,5.333333333333333,5.0
R_xnFA4vIzQiU2aDn,15,10,1,3,1,3,0.9,4,4,2,3,4,5,6,1,7,ind,35.0,1,5.0,5.0,2.0
R_1mU85hmQSibvAPU,40,50,3,4,3,3,0.65,2,3,1,2,3,4,5,6,7,ind,28.0,1,5.333333333333333,5.0,5.0
R_22sEBxno6rrnikI,50,72,1,2,1,4,0.6,5,5,6,7,5,4,3,2,1,rep,24.0,1,5.0,7.0,4.0
R_2P58xN6Juu47sum,25,35,1,3,3,3,0.8,3,3,4,6,2,5,3,1,7,ind,31.0,1,4.666666666666667,5.0,5.0
R_r1HReomkVapgA7f,15,23,2,4,3,5,0.7,4,5,4,6,5,7,3,2,1,dem,32.0,1,5.666666666666667,5.0,5.0
R_2EsdT80LTDJkghj,20,10,3,3,2,5,0.85,4,4,2,1,4,6,3,5,7,rep,26.0,1,4.666666666666667,3.6666666666666665,2.0
R_XGkzHsRVKOqEqwp,21,23,2,2,2,2,0.6,5,5,3,1,2,4,5,7,6,rep,42.0,1,4.333333333333333,5.666666666666667,5.0
R_3rN79Ao7TPnMu2k,20,31,2,3,3,3,0.85,4,4,5,7,4,3,2,1,6,rep,55.0,1,5.0,3.0,4.0
R_1dALppDN4cSlYph,11,36,1,2,2,3,0.8,2,2,4,5,3,6,2,1,7,dem,19.0,1,4.333333333333333,5.0,3.0
R_22rmOr54TDUnVxA,5,6,1,2,1,2,0.55,5,5,4,1,3,5,2,6,7,rep,68.0,1,3.0,3.6666666666666665,4.0
R_24kNsY3WrQoz6fH,30,31,2,3,2,5,0.8,4,5,3,5,2,1,7,4,6,ind,32.0,1,5.333333333333333,3.0,6.0
R_3O96abJ8C37oloS,6,26,1,3,3,3,0.55,3,3,3,1,2,5,6,4,7,dem,34.0,1,5.0,4.666666666666667,5.0
R_2ByXnLxj1Xk9WL4,27,60,1,3,1,3,0.7,4,4,2,1,4,6,7,5,3,rep,62.0,1,6.0,5.0,6.0
R_2wdIjoJJJ4FApvo,2,40,2,2,5,4,0.65,5,5,2,3,5,1,6,4,7,ind,24.0,1,4.333333333333333,3.0,4.0
R_1Qc5Eva0sSlwdb7,29,23,4,2,3,5,0.65,4,4,1,4,3,5,7,2,6,dem,20.0,1,6.0,3.6666666666666665,3.0
R_25YO9dZfjGJFdZb,27,31,1,4,2,4,0.85,4,5,2,1,3,5,6,4,7,ind,36.0,1,6.666666666666667,4.0,5.0
R_1o0i19RmHfKc2Ii,41,70,1,2,1,4,0.8,2,5,5,2,4,3,1,6,7,dem,28.0,1,5.0,5.0,5.0
R_Om4bWOvW7MkbdDj,20,20,1,3,1,3,0.85,5,5,1,6,4,7,3,5,2,rep,32.0,1,7.0,7.0,3.0
R_3qdR5WfQHlHkJBD,20,25,1,4,3,4,0.7,5,5,6,1,5,3,2,4,7,ind,40.0,1,3.0,2.0,4.0
R_XpPb4QnuSkhLy9j,35,40,3,4,3,5,0.9,5,4,6,5,2,3,1,4,7,dem,35.0,1,5.666666666666667,4.666666666666667,5.0
R_22Pn9V7SLRzeY8N,61,61,2,3,2,4,0.5,4,4,6,5,3,4,2,1,7,ind,35.0,1,5.0,5.0,5.0
R_3rJvEBf2x7zMZy3,5,24,3,4,3,5,0.8,4,5,4,6,5,3,2,1,7,ind,53.0,1,4.0,4.0,2.0
R_2BaJSGGkHXCJG1T,20,70,2,2,2,3,0.8,4,4,4,3,5,1,2,6,7,ind,30.0,1,5.0,5.0,3.0
R_1pMQKbsrF9hcZ1k,30,45,1,3,1,5,0.9,5,5,1,3,2,5,4,6,7,dem,23.0,1,5.333333333333333,5.0,5.0
R_1rcaC97Cu2YpN3G,30,40,1,3,1,4,0.7,4,4,1,6,3,2,5,4,7,rep,21.0,1,5.0,5.666666666666667,2.0
R_1mLA0dpqVW3gNxQ,41,40,2,3,3,4,0.75,4,4,1,3,2,6,5,4,7,ind,26.0,1,3.6666666666666665,3.0,5.0
R_2EBqcsWzICnzDDl,10,9,1,3,1,2,0.6,4,4,2,1,7,3,4,5,6,rep,56.0,1,5.0,5.333333333333333,4.0
R_DqTP0ZwleAxGeRj,20,20,1,3,1,3,0.65,5,5,1,5,2,6,4,3,7,ind,27.0,1,5.666666666666667,6.666666666666667,3.0
R_2CcVjVXhOXkhwdb,30,20,2,4,1,3,0.7,4,5,1,2,3,4,5,6,7,dem,63.0,1,4.0,2.0,2.0
R_1gc3F5tVEl9cByO,36,33,2,4,2,3,0.65,4,4,2,3,1,5,4,6,7,dem,25.0,1,5.0,5.0,5.0
R_1ovhvgGDVbwqey5,35,35,3,4,3,3,0.65,4,3,5,4,3,2,1,7,6,rep,21.0,1,5.0,5.0,4.0
R_3DeEpgHSMvIBSm4,40,38,4,5,4,5,0.7,5,5,2,1,5,3,4,6,7,dem,44.0,1,4.333333333333333,5.0,3.0
R_1JQOHAZiM8YP8Rt,29,36,3,3,2,3,0.4,3,3,7,1,6,2,3,4,5,ind,35.0,1,4.333333333333333,5.333333333333333,5.0
R_O6FFKi9wzsv8m8F,40,49,2,4,4,3,0.6,2,4,3,7,2,5,1,4,6,dem,36.0,1,5.333333333333333,5.666666666666667,6.0
R_PIfLArPkdJ0zYZz,41,43,2,2,3,4,0.5,3,4,2,6,3,4,7,1,5,rep,82.0,1,4.333333333333333,3.0,3.0
R_yHC4NVEm47TBvah,70,65,2,2,3,3,0.7,5,5,2,1,4,3,6,5,7,ind,41.0,1,4.666666666666667,3.0,5.0
R_AF3ojPcQ31q1sbf,50,39,2,4,4,5,0.6,4,4,4,5,7,3,2,6,1,ind,32.0,1,4.666666666666667,5.333333333333333,3.0
R_vDCiF3jggjfJEHL,49,52,3,4,3,3,0.35,2,3,1,2,3,4,5,6,7,dem,51.0,1,5.0,4.666666666666667,2.0
R_1CqgoTN83Awimnt,7,10,2,2,2,2,0.55,4,4,5,3,7,4,6,2,1,ind,23.0,1,3.6666666666666665,3.6666666666666665,5.0
R_2a9VpYfAa9dcw1N,30,30,4,4,2,3,0.65,2,2,7,4,1,3,5,2,6,dem,21.0,1,4.0,4.666666666666667,1.0
R_2du4GLxShjfdWl6,31,11,2,2,3,5,0.7,5,5,6,1,5,2,3,4,7,ind,36.0,1,4.333333333333333,2.0,2.0
R_2rGBsV6fTtEeBHp,84,74,4,4,4,5,0.6,3,2,6,7,2,5,4,3,1,dem,40.0,1,5.333333333333333,5.0,5.0
R_PYxPMrCPjMlnZDz,61,74,2,4,3,5,0.95,5,5,6,1,3,2,5,4,7,dem,31.0,1,4.333333333333333,1.6666666666666667,5.0
R_3EZtZA4m1d0iNIy,61,41,1,3,2,5,0.8,2,4,5,6,2,3,1,4,7,dem,25.0,1,5.0,3.0,5.0
R_27V8OC6GMFEgIyc,10,20,3,3,2,3,0.55,4,4,2,3,6,5,4,1,7,rep,42.0,1,3.3333333333333335,3.6666666666666665,7.0
R_sL895YIRwGV38LD,43,50,5,2,3,4,0.7,1,1,1,2,3,4,5,6,7,ind,29.0,1,3.6666666666666665,3.6666666666666665,3.0
R_2ataxK6aucaL8Tc,50,35,1,5,3,4,0.8,4,2,7,3,4,2,5,6,1,dem,27.0,1,7.0,7.0,5.0
R_1JRVAkdyfmtnE9I,20,70,2,2,3,4,0.8,4,5,4,1,2,6,3,5,7,ind,30.0,1,4.666666666666667,4.333333333333333,5.0
R_28CgSXOdkVqsTd8,30,30,1,3,2,5,0.7,4,4,1,5,6,4,2,3,7,rep,20.0,1,5.0,4.666666666666667,3.0
R_29jqnUZTRcdkkhQ,30,19,2,3,3,2,0.6,4,4,1,2,3,4,5,6,7,dem,26.0,1,5.0,3.0,4.0
R_1flWuGHRrPXnaix,40,19,2,2,2,3,0.9,3,3,1,7,6,2,4,3,5,dem,24.0,1,4.666666666666667,5.0,5.0
R_T1THSUu5355M8Ex,45,77,5,5,5,5,0.9,5,5,5,1,6,4,2,3,7,dem,21.0,1,4.666666666666667,7.0,3.0
R_Ow0ly288wHvBv21,25,10,2,3,2,4,0.65,3,4,2,1,3,5,4,6,7,dem,43.0,1,5.0,3.0,5.0
R_2q3PUxNkdz6oxuc,30,50,1,4,1,5,0.7,5,5,5,6,4,7,2,3,1,rep,35.0,1,5.666666666666667,5.0,5.0
R_OvWQYdRqhOSwhbj,40,48,3,3,3,3,0.8,4,4,6,1,7,3,2,4,5,dem,25.0,1,5.0,1.6666666666666667,3.0
R_1KdRr6AZ3VsjfFQ,15,15,1,3,3,3,0.7,4,4,1,2,3,4,5,6,7,rep,33.0,1,5.0,4.0,3.0
R_3R4yamB2qJC32ci,10,40,1,2,2,4,0.85,4,5,1,4,5,6,2,3,7,rep,20.0,1,5.333333333333333,4.666666666666667,2.0
R_1DPhIzmUbJ8KcLe,30,12,2,5,1,5,0.7,5,5,6,4,5,2,1,3,7,ind,27.0,1,6.0,6.0,6.0
R_2RUEwe2yiN5CeCl,60,43,3,4,3,2,0.4,3,2,7,1,5,6,4,2,3,rep,27.0,1,6.0,4.333333333333333,3.0
R_099dd7YnsnJ0dMt,30,29,1,3,1,5,0.8,4,4,6,5,4,3,2,1,7,dem,23.0,1,4.333333333333333,4.666666666666667,5.0
R_cCunxJF6vJPOait,30,45,1,3,1,3,0.7,4,4,1,4,6,5,3,2,7,rep,20.0,1,6.666666666666667,6.0,3.0
R_QlZ6EQhbum5GEHn,35,35,2,4,1,4,0.8,5,5,2,3,4,1,5,6,7,rep,26.0,1,6.666666666666667,5.333333333333333,5.0
R_2qEPA7cjBExtUYk,30,46,4,3,3,3,0.75,3,3,1,4,6,3,2,5,7,ind,26.0,1,4.666666666666667,4.333333333333333,3.0
R_2a9WN0sAI4aSMBl,9,7,2,3,2,3,0.55,3,3,2,6,1,4,3,5,7,ind,31.0,1,4.0,4.0,5.0
R_1jBUiTyPYHHJqJX,14,31,2,3,1,4,0.65,4,1,5,6,4,7,2,3,1,rep,30.0,1,5.666666666666667,4.666666666666667,4.0
R_Ww9B1lxcbzsvu37,21,21,1,2,2,2,0.6,4,4,1,3,4,2,6,5,7,rep,35.0,1,6.0,3.6666666666666665,3.0
R_2CfEYIXAtGK2U5I,10,9,2,3,4,4,0.55,4,4,5,4,7,6,2,1,3,ind,47.0,1,4.333333333333333,3.0,5.0
R_1eP44m75MdrdtKg,30,30,2,2,2,3,0.6,4,4,6,7,5,4,2,1,3,ind,52.0,1,2.0,5.0,3.0
R_1C9MzPt7IQYQArh,56,52,3,5,2,5,0.9,5,5,2,1,3,4,5,6,7,ind,40.0,1,6.0,6.0,3.0
R_3KIyf3rnJoheoYk,40,40,1,2,1,3,0.8,4,5,3,5,4,6,1,2,7,dem,29.0,1,5.0,5.0,4.0
R_1LAqaiv2Quf3yq5,6,22,1,2,1,2,0.85,5,5,3,1,6,2,5,4,7,dem,42.0,1,5.0,4.333333333333333,3.0
R_3PX3FETxXuzN0y8,30,50,1,4,1,4,0.75,3,5,4,2,1,3,6,5,7,rep,38.0,1,5.333333333333333,5.0,4.0
R_2E4WAzi8RMoAZhd,25,20,1,3,3,4,0.85,4,4,6,5,4,3,1,2,7,ind,28.0,1,5.666666666666667,3.0,3.0
R_RfOmuN7CmeDSlPP,30,40,3,4,3,5,0.75,5,5,6,7,2,3,5,4,1,ind,56.0,1,6.0,5.333333333333333,4.0
R_1pVvVMbnHsPKwgp,30,74,2,4,4,4,0.75,4,5,6,5,1,2,3,4,7,dem,25.0,1,5.0,5.333333333333333,5.0
R_sdG7HBnIeGA0FSF,30,5,1,2,1,3,0.8,5,5,4,5,1,6,2,3,7,ind,30.0,1,6.666666666666667,5.333333333333333,5.0
R_3dWmD5zJvbZQd7b,28,20,2,3,1,5,0.75,3,3,7,6,5,4,3,2,1,rep,31.0,1,5.666666666666667,5.666666666666667,5.0
R_31KFIrVyfVBY81M,25,39,3,3,2,4,0.6,4,4,6,3,4,2,1,5,7,rep,39.0,1,3.6666666666666665,5.666666666666667,4.0
R_2t5SXuwKqhOqeOu,62,69,3,4,3,4,0.75,3,4,7,6,2,4,3,1,5,rep,47.0,1,4.333333333333333,3.0,5.0
R_3ENlsiwkJlv6kQR,70,71,1,4,1,5,0.7,5,4,6,3,4,5,7,2,1,ind,21.0,1,6.0,5.0,3.0
R_pzm8wDhDEOz3fAl,28,41,1,3,1,4,0.75,3,3,2,5,7,6,4,1,3,dem,29.0,1,4.666666666666667,5.0,1.0
R_2dz0RKdlYRwNMSU,25,35,2,4,1,4,0.85,4,5,1,3,6,5,2,4,7,ind,27.0,1,4.666666666666667,5.0,5.0
R_2f9YvVX9qGrADtE,30,40,2,2,2,3,0.7,4,4,6,1,5,2,3,4,7,ind,31.0,1,4.666666666666667,5.0,4.0
R_3iJVv3MOEiv5tHn,19,36,2,3,1,3,0.65,4,5,2,1,5,3,4,6,7,dem,41.0,1,3.3333333333333335,3.0,5.0
R_2t55gcCxK0BK0BP,25,15,2,4,3,3,0.4,4,4,2,1,6,3,4,5,7,ind,56.0,1,5.0,3.0,5.0
R_3hxvXH6P4CcBVEK,19,21,2,3,2,4,0.65,5,5,2,1,5,3,4,6,7,ind,58.0,1,4.0,2.0,5.0
R_ZvNY1U9upOv9NVD,20,24,2,3,4,4,0.9,4,4,2,3,6,1,4,5,7,dem,25.0,1,2.3333333333333335,5.0,5.0
R_3EsPE6AzVpUnClR,64,50,4,3,5,3,0.75,4,4,4,5,1,2,3,6,7,dem,21.0,1,4.333333333333333,5.0,3.0
R_1Tgl1s0ZfSLGnRf,40,45,3,4,3,3,0.75,3,2,2,3,5,7,4,1,6,ind,22.0,1,5.666666666666667,5.333333333333333,4.0
R_Om6LcgI9Xic0MbT,40,40,2,2,2,3,0.9,4,4,4,3,1,2,5,6,7,ind,27.0,1,5.666666666666667,3.6666666666666665,5.0
R_1IN4OMMkEefo0wA,8,31,2,3,3,4,0.65,4,5,4,5,6,3,2,1,7,rep,33.0,1,6.0,5.0,5.0
R_3EhjCB6aaf5zsPB,30,29,3,3,3,3,0.6,2,2,5,1,4,6,3,7,2,rep,62.0,1,5.333333333333333,5.666666666666667,5.0
R_3EmLdQECCb0gKWF,70,51,2,3,1,4,0.65,4,4,5,4,2,3,6,7,1,dem,38.0,1,5.0,5.666666666666667,4.0
R_2WZHhI8sriKtOpm,24,30,3,5,4,5,0.8,4,5,2,1,6,4,5,3,7,dem,37.0,1,4.0,5.0,6.0
R_1exjlW8eKCOVEUJ,30,20,4,3,1,5,0.6,5,5,2,1,3,4,6,5,7,ind,41.0,1,7.0,6.0,2.0
R_2pYnI5lxPQDFUjj,69,50,3,3,4,4,0.7,3,2,1,2,3,4,5,6,7,rep,28.0,1,6.0,6.0,5.0
R_9mNS7Cch2nnl7GN,9,65,1,5,1,5,0.65,5,5,3,2,5,4,6,7,1,dem,25.0,1,2.0,7.0,5.0
R_2QMTl25dIBtMuFW,22,30,2,4,2,4,0.9,5,5,4,3,5,1,2,6,7,dem,30.0,1,4.666666666666667,4.0,4.0
R_1NnuX94Ko6y1Kcy,26,23,2,4,1,4,0.8,5,5,1,2,6,3,4,5,7,dem,32.0,1,5.0,5.333333333333333,5.0
R_1gRW7XA2APbcR5M,30,29,3,3,3,5,0.7,4,4,4,3,5,7,2,6,1,ind,48.0,1,4.333333333333333,5.666666666666667,3.0
R_6CYYPdyjTiHKQGB,36,41,3,3,3,3,0.8,3,3,2,3,1,4,6,5,7,ind,29.0,1,5.0,5.0,4.0
R_OQeQ6D7xWCn6tuF,40,61,2,3,2,3,0.75,4,4,7,5,3,4,6,1,2,dem,31.0,1,3.0,3.0,3.0
R_3dZi6HhoJaHrlIt,43,68,5,3,3,2,0.55,3,4,1,7,4,6,2,5,3,ind,55.0,1,5.0,5.0,2.0
R_3KOzVMjNHEqw3tU,30,30,2,3,2,3,0.85,5,5,2,1,3,5,4,6,7,dem,32.0,1,5.0,5.333333333333333,6.0
R_3oA6kUbuxhnsp3H,35,40,2,3,2,4,0.75,4,4,6,3,4,5,1,2,7,ind,22.0,1,5.0,3.0,3.0
R_0TE2cvLk9OXroBP,20,10,2,2,1,3,0.75,4,4,3,5,4,1,2,6,7,ind,46.0,1,3.0,3.0,6.0
R_2U0kNcHItOGVLxc,71,51,4,4,5,2,0.55,2,4,5,6,1,2,4,7,3,rep,23.0,1,5.0,5.0,3.0
R_2pRbWchX1cFfjiX,30,6,2,3,3,5,0.65,4,4,2,1,3,4,6,5,7,dem,33.0,1,4.666666666666667,5.0,6.0
R_30i5wacu6pyJog4,15,40,2,3,2,4,0.8,4,4,4,1,2,3,6,5,7,ind,48.0,1,5.0,3.6666666666666665,6.0
R_3FVRMjj6qW06dt1,9,21,1,3,1,3,0.5,4,4,1,2,6,4,3,5,7,dem,59.0,1,4.0,4.0,5.0
R_1kIlUwhKLqsDGXf,32,58,4,3,3,4,0.5,5,4,4,6,3,5,2,1,7,dem,68.0,1,5.0,5.0,6.0
R_2YrDruMm6T11wOV,40,40,1,5,3,5,0.7,4,4,1,5,4,6,3,2,7,ind,24.0,1,7.0,5.666666666666667,4.0
R_2CcVEjaJewC2IFj,30,18,2,2,2,3,0.7,4,4,2,3,7,4,5,6,1,ind,26.0,1,4.666666666666667,3.0,5.0
R_33fCMuno90KulDZ,69,52,2,3,2,4,0.8,3,3,1,3,7,4,5,6,2,dem,43.0,1,5.0,5.0,4.0
R_3EQlAYMSmBvFccD,41,56,2,5,2,4,0.8,5,4,1,3,2,4,5,6,7,dem,48.0,1,2.0,5.0,5.0
R_Y3osLpsGxMN3KXD,40,40,2,3,3,3,0.65,4,4,4,3,5,6,2,1,7,ind,19.0,1,3.0,5.0,3.0
R_1f3BJf03YA3wIgo,10,66,2,3,2,4,0.75,4,4,1,2,5,3,4,6,7,ind,42.0,1,4.0,4.0,5.0
R_WdRkLlrNzy5Dqk9,40,31,2,3,2,3,0.7,4,3,4,5,7,2,1,6,3,rep,22.0,1,5.0,3.3333333333333335,5.0
R_3suoOMaRKOq2Mnl,10,49,2,2,3,5,0.8,4,5,3,5,2,1,4,7,6,ind,49.0,1,5.666666666666667,4.0,5.0
R_2sZn05FNeRvarjA,36,47,4,4,1,4,0.9,5,5,2,1,3,5,7,4,6,rep,26.0,1,6.0,7.0,6.0
R_TvkUhZloTKa4jLP,25,30,2,5,3,4,0.45,4,4,2,4,3,6,5,1,7,ind,29.0,1,3.0,4.0,5.0
R_d6XEwevl6qSj47n,11,19,1,2,2,3,0.75,5,5,3,1,4,5,6,2,7,dem,42.0,1,3.0,3.0,5.0
R_3MbuQFiz0lFZ04C,40,42,2,3,3,3,0.7,4,4,7,6,5,4,3,2,1,ind,42.0,1,5.0,5.0,5.0
R_1DHYdJUkljx8YxO,42,61,2,3,2,4,0.75,3,4,5,3,4,1,6,2,7,ind,33.0,1,5.0,5.0,5.0
R_1dogNqkdUFKjOzv,8,20,2,4,3,5,0.65,5,5,4,1,5,2,3,6,7,dem,27.0,1,3.6666666666666665,4.333333333333333,5.0
R_3e2goqyFS3NTjkv,23,20,1,2,1,2,0.75,4,4,5,7,6,4,2,1,3,ind,27.0,1,7.0,5.0,3.0
R_3qHDLtraq6oQI9E,40,45,2,3,1,2,0.85,4,4,3,2,4,5,6,1,7,rep,25.0,1,5.333333333333333,5.0,5.0
R_1IRy7hk1OE0yd3Q,10,10,2,3,2,2,0.85,4,4,5,6,3,4,2,1,7,ind,52.0,1,5.0,5.0,5.0
R_1hNqtmB0OIVXdic,9,30,3,3,2,3,0.8,4,5,5,2,1,4,6,3,7,dem,24.0,1,3.0,3.0,4.0
R_3Pn62ZNvzXQSli2,25,50,2,4,3,4,0.85,4,4,1,6,4,5,3,2,7,ind,29.0,1,5.0,5.0,5.0
R_SUe05mCXDpG26HL,25,33,2,3,1,3,0.65,5,5,2,1,6,3,4,5,7,ind,45.0,1,4.0,4.333333333333333,7.0
R_3lX21DOXQkbbGqN,20,12,1,4,1,4,0.8,4,5,6,2,1,3,4,5,7,dem,35.0,1,5.0,5.0,3.0
R_3R2tMi1Cp2zWkPg,10,25,1,3,1,3,0.65,4,4,4,6,5,3,2,1,7,dem,41.0,1,6.0,5.666666666666667,5.0
R_3dT9PbUjtFR16IE,70,75,3,3,3,5,0.9,4,4,1,6,2,3,5,4,7,dem,27.0,1,4.0,3.0,5.0
R_2U6r2m8Z17P1VWh,50,50,1,2,3,4,0.85,4,4,1,2,4,3,6,5,7,rep,20.0,1,6.0,7.0,2.0
R_Ov8h6AvWpHE8UXn,52,61,2,4,2,5,0.75,5,5,4,2,1,3,5,6,7,dem,27.0,1,6.666666666666667,6.0,3.0
R_3nINqEBXbqB1SSf,52,73,2,3,3,5,0.8,5,5,1,2,3,4,5,6,7,ind,44.0,1,4.666666666666667,5.0,5.0
R_2CCWtWcI210lyhv,66,53,1,5,5,2,0.5,4,4,1,2,3,4,5,6,7,rep,27.0,1,7.0,7.0,4.0
R_2cnEBaMcfbVwSQl,5,19,1,2,2,3,0.65,5,3,1,6,2,3,4,5,7,dem,26.0,1,5.0,6.0,5.0
R_4TLM4cmI50hAfF7,18,30,1,2,2,4,0.45,5,5,3,2,7,6,4,5,1,dem,26.0,1,4.666666666666667,5.0,6.0
R_2riPA8R0GB4yzBB,25,34,1,5,1,5,0.8,5,5,1,2,3,6,5,4,7,dem,42.0,1,7.0,6.0,5.0
R_OoEUqdDKeVjhRap,65,80,3,3,1,4,0.65,4,4,7,2,4,5,6,3,1,ind,20.0,1,3.0,6.0,3.0
R_3EEhjsV4RTiXEzm,25,30,1,2,1,3,0.75,5,4,5,4,2,3,7,1,6,ind,22.0,1,6.0,6.666666666666667,2.0
R_25SXSi4ske0qPyK,10,27,3,3,5,3,0.9,4,4,7,6,5,4,3,2,1,ind,32.0,1,6.0,5.333333333333333,2.0
R_TtPFv0L6Ed4vSk9,3,28,2,3,3,2,0.85,4,4,6,1,7,2,3,5,4,ind,19.0,1,5.0,5.333333333333333,5.0
R_3G38pWLSDVnZk5G,11,36,1,2,4,4,0.8,4,4,1,2,3,6,5,4,7,dem,24.0,1,4.666666666666667,5.333333333333333,4.0
R_42SjQ5OPtv72jsd,30,30,1,2,1,4,0.55,3,4,4,7,5,3,2,1,6,ind,27.0,1,3.3333333333333335,2.6666666666666665,4.0
R_2YYzDrMRVFU6ijm,5,5,2,2,2,5,0.6,4,5,4,5,7,6,3,2,1,dem,40.0,1,4.333333333333333,4.333333333333333,5.0
R_56mGLQ8ZcCboPst,69,41,2,2,2,2,0.7,4,4,3,4,1,6,5,2,7,ind,24.0,1,6.0,6.0,3.0
R_1Iortux6vdxwDWg,40,50,2,3,3,5,0.75,4,5,6,7,3,5,4,1,2,rep,22.0,1,4.666666666666667,5.0,3.0
R_33vQmv39nHEUF07,23,59,4,3,3,3,0.75,2,2,7,5,2,4,6,3,1,dem,24.0,1,4.666666666666667,5.666666666666667,5.0
R_3xSjVZXlQ730glX,45,40,2,3,1,4,0.8,4,4,6,2,4,5,1,3,7,ind,29.0,1,5.666666666666667,4.333333333333333,3.0
R_2asFHWznG0Z7MiI,50,50,2,3,2,3,1.0,4,4,1,3,5,4,2,6,7,rep,21.0,1,6.0,6.0,3.0
R_28II0Ax1pG608l4,72,64,3,3,3,3,0.5,4,3,6,4,2,5,7,3,1,dem,23.0,1,4.666666666666667,4.666666666666667,5.0
R_AGqEEgz42v6LVJf,8,16,1,3,1,5,0.6,4,5,3,1,7,2,4,5,6,dem,19.0,1,5.333333333333333,5.666666666666667,3.0
R_3iy664SmS59j5R5,50,50,3,4,4,4,0.7,5,5,7,6,2,5,4,3,1,ind,38.0,1,3.6666666666666665,3.0,5.0
R_1rqCu4eDGItmUmk,7,5,2,4,1,2,0.55,4,3,6,7,3,2,5,1,4,dem,23.0,1,5.666666666666667,5.666666666666667,3.0
R_3gNpaV4R6AKMA19,31,71,2,3,3,4,0.8,5,5,1,2,4,3,5,6,7,ind,31.0,1,3.6666666666666665,5.0,6.0
R_3030SLUU4GrxPcU,20,10,1,4,1,3,0.65,4,4,2,1,5,6,3,4,7,dem,22.0,1,5.333333333333333,6.333333333333333,4.0
R_3kEYpBKdSmhCwXv,29,40,3,3,3,3,0.8,4,4,2,3,1,4,5,6,7,ind,39.0,1,5.0,5.333333333333333,6.0
R_1HpJ0ATFCFtHKQn,18,30,4,4,4,4,0.7,4,4,2,4,3,1,5,7,6,dem,25.0,1,4.666666666666667,5.0,5.0
R_2XnbeZCUolHBBEv,10,29,1,2,2,5,0.55,5,5,6,7,5,3,4,2,1,dem,45.0,1,4.0,3.0,5.0
R_2tnEO0lK8j2pemX,20,41,2,4,2,4,0.65,5,5,2,1,4,3,5,6,7,ind,37.0,1,5.333333333333333,4.666666666666667,3.0
R_3qkgFso8hSODy09,48,63,1,4,2,5,0.65,5,5,2,1,3,4,6,5,7,dem,24.0,1,7.0,6.333333333333333,3.0
R_3EhZDwJsde5NSnC,50,45,2,3,2,4,0.75,4,5,2,1,4,5,6,3,7,dem,40.0,1,4.0,3.0,5.0
R_XBo0YCp3xbesETf,50,51,3,3,3,3,0.75,2,2,1,2,3,4,5,6,7,ind,37.0,1,5.0,5.0,2.0
R_2CjEJ3nlIpdwj29,72,62,2,4,1,4,0.8,5,5,5,4,6,2,3,1,7,ind,36.0,1,5.0,5.0,7.0
R_2BfYEhCKFcuTHhl,10,30,2,3,2,3,0.65,5,5,5,6,3,7,1,2,4,ind,64.0,1,2.0,4.0,3.0
R_CgM3Rn206zHIQlb,41,39,2,3,3,3,0.85,4,4,1,2,5,6,4,3,7,rep,53.0,1,4.666666666666667,4.0,5.0
R_bKreTelSk2z5Yf7,60,60,1,2,2,4,0.7,4,4,1,2,3,7,4,5,6,dem,20.0,1,7.0,5.333333333333333,2.0
R_3g89uKuTqWmy9oC,20,20,1,1,1,1,0.65,4,4,2,1,3,4,6,5,7,rep,48.0,1,5.0,5.0,3.0
R_9ZHYpzueEzMhHrj,35,20,3,4,2,3,0.9,4,3,1,4,7,3,2,5,6,ind,40.0,1,3.0,5.0,4.0
R_2TS1YzaoJyRXhYo,20,18,2,2,1,4,0.7,5,4,1,2,3,4,6,5,7,dem,30.0,1,5.333333333333333,4.666666666666667,3.0
R_8fdNAB9GDRcNcAx,60,51,1,3,3,3,0.8,4,4,7,6,5,4,3,2,1,ind,27.0,1,5.0,4.333333333333333,2.0
R_330Vk4j268hqbjN,58,61,3,3,3,3,0.7,4,4,4,6,5,3,7,2,1,dem,27.0,1,4.333333333333333,4.666666666666667,5.0
R_bpyzkAposRvsRWh,14,30,2,4,2,5,0.85,5,5,2,1,3,4,5,6,7,dem,34.0,1,4.0,5.0,6.0
R_VR7FjQTtLiZLgIx,51,72,2,4,2,5,0.75,5,5,4,1,5,6,2,3,7,dem,27.0,1,5.333333333333333,5.0,6.0
R_3oFsETpLq89auVo,30,31,2,2,2,4,0.75,4,5,2,3,1,4,6,5,7,rep,43.0,1,3.0,2.6666666666666665,4.0
R_1OIzbHDxL1l4QB4,69,81,2,5,3,5,0.65,5,5,2,1,6,3,4,5,7,rep,37.0,1,6.0,5.0,5.0
R_3lxHiozHHylulYB,32,46,2,3,3,4,0.65,4,4,3,2,1,4,6,7,5,dem,32.0,1,4.666666666666667,4.666666666666667,5.0
R_1M67ds7kZHhoF7w,10,10,2,3,2,2,0.6,5,5,6,5,3,4,2,1,7,ind,59.0,1,6.333333333333333,5.333333333333333,5.0
R_24HshLCnbCTAHqw,30,41,3,3,4,4,0.8,1,1,3,5,1,2,6,7,4,ind,34.0,1,6.333333333333333,4.333333333333333,7.0
R_vN7RQ7w1wiEdKlX,25,55,2,2,3,4,0.8,4,4,1,2,6,3,7,4,5,dem,39.0,1,2.6666666666666665,5.0,5.0
R_3J42UyGZHCBnoGQ,10,51,2,2,2,5,0.55,4,4,7,6,5,4,3,2,1,rep,32.0,1,4.333333333333333,4.333333333333333,2.0
R_4Mfk6qwFUWGISFr,19,36,2,2,2,4,0.8,4,5,1,4,2,3,5,6,7,ind,23.0,1,5.666666666666667,3.0,3.0
R_1K3azhiV4qG1EYP,38,51,3,4,3,4,0.3,4,2,5,7,3,6,4,2,1,dem,37.0,1,5.666666666666667,6.333333333333333,6.0
R_115QbEBckCqrGxh,30,40,2,4,2,5,0.7,4,4,4,2,6,7,5,3,1,dem,40.0,1,5.333333333333333,4.666666666666667,3.0
R_2BkA569baS8QWCV,61,30,3,3,4,4,0.75,4,5,2,1,5,4,6,3,7,dem,30.0,1,3.0,2.3333333333333335,2.0
R_sU03RJ3pravpwUF,20,20,1,4,1,5,0.55,5,5,5,6,4,1,2,3,7,dem,72.0,1,2.3333333333333335,2.0,5.0
R_5BC0ZIJm1GXXgOJ,40,40,3,3,3,3,0.35,2,1,1,2,3,6,4,5,7,dem,33.0,1,6.0,4.333333333333333,6.0
R_1n3hxuDsMA8ceVx,42,72,1,2,1,4,0.75,2,4,3,1,2,4,5,6,7,ind,35.0,1,3.0,4.666666666666667,3.0
R_Bujc9MLHjf39fwt,29,36,2,3,2,2,0.8,3,3,5,6,1,4,2,7,3,ind,24.0,1,4.666666666666667,5.0,2.0
R_3fiKXQO9ffsysxV,30,30,2,5,2,5,0.8,5,5,7,1,6,4,5,2,3,rep,30.0,1,6.0,6.0,4.0
R_1Nh2m5NjC3sISY1,0,40,1,2,2,3,0.85,3,3,4,6,7,2,5,3,1,dem,25.0,1,4.333333333333333,5.0,2.0
R_3k1lmP3mYxUUjnf,30,60,2,5,4,5,0.7,5,5,5,7,6,4,3,2,1,rep,32.0,1,6.0,2.0,7.0
R_3p43OktIgI1ZgaV,20,18,1,3,1,5,0.75,4,4,1,2,3,4,5,6,7,dem,24.0,1,3.6666666666666665,6.0,3.0
R_1N9c49hfyMM3j07,20,10,2,5,1,3,0.7,5,5,4,1,5,6,3,2,7,ind,24.0,1,3.0,3.0,4.0
R_12PT0clxn2kmdEW,25,40,1,1,2,3,0.6,3,4,4,3,5,1,2,6,7,dem,26.0,1,7.0,5.0,3.0
R_2fHUywtJVl6k2j3,39,52,2,3,3,3,0.95,1,1,3,4,6,5,1,7,2,rep,30.0,1,6.666666666666667,7.0,5.0
R_sdRR6nQtPLbqTWV,15,66,2,3,2,5,0.5,4,5,2,1,6,3,4,5,7,dem,42.0,1,5.0,3.0,5.0
R_R4QagRjnTliymKR,20,20,1,3,1,3,0.65,5,5,1,4,5,2,3,6,7,dem,49.0,1,5.0,5.0,8.0
R_3HF7ctjNq7izpGf,18,30,2,4,2,4,0.95,4,5,5,6,4,1,2,3,7,rep,32.0,1,4.0,6.666666666666667,3.0
R_3lRBwpuH5seZ2Xc,12,60,1,3,3,4,0.75,4,4,7,5,6,3,4,2,1,ind,37.0,1,6.333333333333333,7.0,5.0
R_10DaVHXKdpdk6vn,20,30,1,3,1,2,0.7,4,4,2,5,3,1,4,7,6,rep,28.0,1,4.0,5.0,5.0
R_2V1p2Kr8ZyEYhWO,40,5,1,3,1,2,0.8,4,4,4,6,5,7,2,3,1,ind,25.0,1,5.0,5.0,5.0
R_3g0LwYwvA9AcymU,30,60,2,4,2,3,0.75,5,5,2,1,5,4,3,6,7,dem,43.0,1,5.0,5.0,5.0
R_2ZBmHv9xbKVeb04,50,50,3,5,1,5,0.8,5,5,6,7,2,3,5,4,1,dem,35.0,1,5.666666666666667,5.666666666666667,6.0
R_U9GXJydBRU6JxFT,62,72,3,2,4,4,0.65,2,2,2,1,5,3,7,4,6,rep,28.0,1,3.6666666666666665,4.333333333333333,5.0
R_25tGKhaSQkMP69C,70,17,1,3,1,3,0.6,4,4,4,6,3,7,2,5,1,dem,41.0,1,5.0,6.0,3.0
R_3KSI9gij6Avyotq,49,51,2,3,3,3,0.95,3,3,5,1,2,3,6,4,7,dem,29.0,1,5.666666666666667,5.666666666666667,2.0
R_1rDijd7PXJ77Gus,30,33,2,4,1,4,0.7,5,4,3,4,6,1,2,5,7,dem,68.0,1,5.0,5.0,7.0
R_2wTaqem7e1iRobY,25,30,2,3,2,4,0.55,4,5,2,1,7,6,5,3,4,rep,31.0,1,4.333333333333333,4.333333333333333,5.0
R_1pmQqwdzbuP0JIT,69,41,2,5,3,3,0.75,4,4,2,1,3,4,5,6,7,dem,26.0,1,4.666666666666667,6.0,6.0
R_2aF5y7VeijJs8yW,45,6,2,3,2,2,0.55,4,3,7,6,4,5,3,2,1,dem,23.0,1,5.0,5.0,3.0
R_3L7rwpfLCt7ZX97,62,51,1,4,4,5,0.55,5,5,1,4,7,6,3,2,5,ind,27.0,1,7.0,7.0,4.0
R_2aS8Tnfc1QvBcge,20,60,1,2,1,5,0.9,4,4,1,3,4,2,6,5,7,dem,21.0,1,7.0,6.0,3.0
R_PuECQWFW7iJWg6J,5,16,2,2,2,2,0.75,4,4,3,1,2,4,6,5,7,rep,28.0,1,5.666666666666667,5.333333333333333,6.0
R_ba8NnfOICQaXaTv,20,21,1,1,1,2,0.65,3,3,6,7,2,4,5,3,1,dem,26.0,1,6.333333333333333,6.0,5.0
R_2e5aQnNP53XMkwD,19,29,1,3,3,4,0.6,4,5,3,1,4,2,5,6,7,dem,33.0,1,7.0,2.0,6.0
R_1pDlutHspBjgr4I,55,30,2,3,2,4,0.75,4,4,5,1,2,4,6,3,7,ind,30.0,1,4.666666666666667,5.0,5.0
R_27qfxzAewGdfwo4,10,38,2,3,2,4,0.65,4,5,2,1,3,4,5,6,7,rep,33.0,1,5.0,3.6666666666666665,6.0
R_pE4Z61sOGy8PdVT,54,43,1,4,3,5,0.5,4,5,1,2,5,3,6,4,7,dem,44.0,1,4.0,3.0,6.0
R_3gL55mmijCqauAu,44,58,3,3,2,3,0.85,4,4,4,3,1,2,5,6,7,ind,33.0,1,4.0,3.0,5.0
R_1hL5yB44cndH0eC,33,27,4,4,3,4,0.3,2,3,7,1,2,3,4,5,6,ind,42.0,1,5.0,5.0,6.0
R_1fiLwlvRGrKuRhI,20,60,1,2,1,4,0.75,5,5,3,1,6,2,5,4,7,dem,26.0,1,6.0,3.3333333333333335,3.0
R_phjajvsaTobVUVb,60,60,2,3,2,3,0.6,5,4,2,1,4,3,5,6,7,dem,34.0,1,3.6666666666666665,5.0,6.0
R_1GIZKmRR7gPUWSj,51,30,3,3,1,3,0.55,2,5,4,1,2,3,7,5,6,ind,29.0,1,7.0,7.0,4.0
R_2TGaLieiA8p6DXu,57,49,4,3,4,4,0.65,3,3,1,5,3,4,7,2,6,rep,44.0,1,5.0,4.666666666666667,6.0
R_3qgTkxDXX5pBmIa,40,40,1,3,2,4,0.75,5,5,1,6,5,4,3,2,7,ind,33.0,1,7.0,5.0,5.0
R_1HkjW1H6HdPBih8,35,35,1,3,1,4,0.75,4,5,1,5,2,3,4,6,7,dem,34.0,1,5.0,3.0,4.0
R_1rdgpw55SqBtZQZ,15,10,1,3,1,4,0.65,3,5,5,2,4,1,7,6,3,dem,35.0,1,5.0,5.0,5.0
R_UFUPdmg6TPT6VbP,20,23,2,4,2,4,0.85,4,5,1,2,6,5,4,3,7,dem,38.0,1,5.0,5.0,3.0
R_1GxdD47Ib2O3nfw,50,50,1,4,1,4,0.7,4,4,2,1,4,3,6,5,7,dem,35.0,1,5.0,5.0,4.0
R_NUpqZk02Ib4e9s5,61,61,2,5,2,5,0.7,4,5,5,4,2,3,7,6,1,dem,30.0,1,5.0,5.0,5.0
R_3hu9wVPIeLVdutu,32,27,1,3,2,3,0.75,4,4,5,2,3,1,6,4,7,rep,38.0,1,3.0,3.0,5.0
R_3L5SomoAr1odZcH,30,40,3,3,3,3,0.35,4,4,6,4,3,1,5,7,2,rep,54.0,1,4.333333333333333,4.666666666666667,6.0
R_1pmnregdzBEbAVS,30,45,1,2,1,3,0.75,5,5,2,1,7,5,3,4,6,dem,60.0,1,3.0,3.0,3.0
R_cUVaIC0IRK2sNwt,50,29,2,4,3,3,0.65,4,4,5,6,2,1,3,4,7,dem,51.0,1,3.6666666666666665,4.0,5.0
R_3Gqabd9EBdOlsr4,20,20,3,3,3,4,0.6499999999999999,-1,-1,5,6,3,7,4,2,1,dem,34.0,0,3.0,5.0,5.0
R_uq56Z58dwQRkXUR,5,12,2,3,2,2,0.9,-1,-1,1,5,3,6,2,4,7,rep,26.0,0,4.0,5.0,4.0
R_10xFvCsIEZKovTX,72,83,1,4,1,3,0.55,-1,-1,4,5,6,2,1,7,3,dem,26.0,0,6.333333333333333,2.3333333333333335,5.0
R_ahOLyU1T8lLpBUR,11,18,2,2,2,2,0.95,-1,-1,1,6,2,3,4,5,7,ind,27.0,0,3.0,3.0,4.0
R_3equbm3icEpfVgg,21,32,1,3,2,3,0.6,-1,-1,4,3,2,1,5,6,7,dem,30.0,0,5.0,2.6666666666666665,4.0
R_emn64fEHMvcElNf,37,39,2,3,2,3,0.8500000000000001,-1,-1,2,5,6,7,3,4,1,ind,48.0,0,5.666666666666667,2.0,4.0
R_bxdzs2VT20zvBeN,49,69,3,4,3,4,0.8500000000000001,-1,-1,1,3,4,2,5,7,6,dem,28.0,0,4.333333333333333,4.333333333333333,4.0
R_27m4UEbRE0GEGBZ,98,89,5,3,5,5,0.7,-1,-1,7,4,6,5,3,2,1,dem,30.0,0,6.666666666666667,1.3333333333333333,4.0
R_1QcNwaHk7NVeEmE,25,40,1,4,1,4,0.8,-1,-1,3,4,5,2,1,6,7,dem,34.0,0,7.0,1.0,5.0
R_1HpKEJTDKyT9oPp,15,40,1,2,1,2,0.8500000000000001,-1,-1,4,5,6,3,2,1,7,dem,22.0,0,6.0,3.3333333333333335,4.0
R_278dkYJmqtFg6j8,50,50,1,2,2,2,0.8,-1,-1,2,1,3,4,6,5,7,dem,20.0,0,6.0,3.0,7.0
R_2fd2YVl9dT8xS2n,20,71,4,4,4,4,0.55,-1,-1,1,2,3,4,5,6,7,rep,28.0,0,5.333333333333333,2.3333333333333335,4.0
R_6hwcqurU9U3it0d,35,35,2,2,2,4,0.8,-1,-1,5,3,6,4,2,7,1,dem,23.0,0,6.0,2.0,5.0
R_3ESdaFnLL8thoCQ,10,45,1,3,2,4,0.45,-1,-1,2,1,6,4,3,5,7,rep,55.0,0,1.6666666666666667,4.333333333333333,4.0
R_2cBMCWCR4vc81ZI,87,8,5,4,3,5,0.6499999999999999,-1,-1,7,6,5,4,3,2,1,dem,42.0,0,5.0,2.0,7.0
R_3M4J27n19m3nn8o,40,20,2,3,2,4,0.7,-1,-1,6,7,5,2,1,3,4,ind,30.0,0,5.333333333333333,2.0,4.0
R_bg7UH8E1BLfwaqt,20,22,3,4,2,4,0.75,-1,-1,6,7,2,3,5,4,1,dem,27.0,0,4.666666666666667,3.6666666666666665,1.0
R_3EIbruzkyhUGcvv,20,33,2,3,2,4,0.95,-1,-1,1,3,2,4,7,5,6,dem,29.0,0,5.333333333333333,3.0,4.0
R_1pAnNy4vJdTfA3U,96,56,2,4,4,4,0.65,-1,-1,6,7,1,4,3,5,2,ind,34.0,0,6.0,2.0,6.0
R_RgGlDMRTASxoYCJ,33,52,3,3,4,3,0.6499999999999999,-1,-1,1,2,3,4,5,6,7,dem,52.0,0,6.0,5.0,5.0
R_1DCn2cw5lzYh8C0,22,50,3,4,3,3,0.5,-1,-1,7,4,2,3,6,1,5,ind,30.0,0,4.666666666666667,3.0,1.0
R_Zn0KJ8AwwthhJw5,30,18,1,3,1,3,0.95,-1,-1,1,4,6,7,2,3,5,dem,27.0,0,6.0,2.0,5.0
R_sgIMm3u3jAggKml,15,15,2,4,1,4,0.75,-1,-1,2,4,6,1,5,3,7,dem,28.0,0,5.0,5.0,6.0
R_2fyfNghPiTAsxFb,5,13,1,2,4,4,0.7,-1,-1,6,5,2,3,7,4,1,rep,66.0,0,4.0,5.0,3.0
R_33qbjcVzQSzF5Gd,10,90,1,3,3,5,0.7,-1,-1,1,2,3,5,6,4,7,dem,51.0,0,2.3333333333333335,3.0,4.0
R_3GfX4bVgc1tcHEE,31,35,2,4,2,3,0.9,-1,-1,6,7,4,5,3,2,1,dem,33.0,0,3.3333333333333335,5.0,4.0
R_3k6qYPVccUyDzlw,20,31,2,3,2,3,0.95,-1,-1,2,1,4,3,5,7,6,ind,27.0,0,6.0,4.0,1.0
R_2Sib7hZNL8YZlMq,30,30,1,4,1,3,0.9,-1,-1,1,2,4,3,5,6,7,rep,43.0,0,5.333333333333333,2.0,6.0
R_voXhc2EwSi4C5Nv,34,40,3,3,4,4,0.65,-1,-1,2,4,3,5,6,1,7,rep,42.0,0,4.666666666666667,5.0,4.0
R_xxOCB1MYs0s99Ad,20,20,2,3,3,2,0.8500000000000001,-1,-1,5,3,6,2,1,4,7,dem,35.0,0,3.0,6.0,3.0
R_3IcpgteOVNNLY9L,25,31,3,3,3,2,0.8,-1,-1,3,6,5,4,2,7,1,dem,33.0,0,5.0,2.0,4.0
R_d72uzyETbZiMCDn,0,0,1,1,1,2,0.45,-1,-1,1,2,3,6,5,4,7,ind,47.0,0,1.3333333333333333,6.666666666666667,5.0
R_3fxa9Jhkd5x522a,40,22,1,2,2,4,0.8500000000000001,-1,-1,2,7,3,6,5,4,1,dem,39.0,0,5.666666666666667,3.6666666666666665,3.0
R_OKk9pMrB1AjRBkJ,34,44,2,4,2,4,0.8,-1,-1,5,6,4,3,2,1,7,rep,21.0,0,5.0,3.0,5.0
R_2aLkeSM7XufonDk,6,20,1,2,1,4,0.6,-1,-1,1,2,3,4,5,6,7,ind,50.0,0,7.0,2.0,4.0
R_3jW0FxvCWeemQVc,25,28,2,4,2,3,0.8,-1,-1,2,1,4,3,5,6,7,ind,53.0,0,6.0,2.6666666666666665,4.0
R_2qwMJdCrDohqEUr,30,30,2,3,3,3,0.75,-1,-1,7,6,1,2,3,5,4,ind,26.0,0,4.0,4.0,7.0
R_ZqIlcFDEq4t9e6J,29,5,2,3,3,3,0.8500000000000001,-1,-1,7,3,6,1,4,2,5,ind,28.0,0,7.0,2.0,6.0
R_1cTwXjRnD1pwqQQ,72,39,2,3,4,4,0.8,-1,-1,1,5,6,2,7,3,4,ind,30.0,0,6.666666666666667,2.0,4.0
R_2TCdn42OaDRyQmy,24,30,2,3,3,4,0.7,-1,-1,5,3,4,7,2,1,6,ind,29.0,0,4.333333333333333,3.6666666666666665,4.0
R_3nGJDoc1mFJYTx9,19,48,2,2,2,2,0.75,-1,-1,1,2,3,5,4,6,7,dem,38.0,0,4.0,3.0,6.0
R_2ZCdy7ALANoGcEW,25,25,4,5,5,5,0.75,-1,-1,2,3,6,1,4,5,7,dem,52.0,0,2.0,7.0,6.0
R_1OHKKBQjImX9pUz,10,17,2,2,3,2,0.75,-1,-1,7,6,4,3,2,1,5,ind,41.0,0,5.333333333333333,3.0,4.0
R_zVfDYE3lLKwd3dn,41,30,1,5,1,5,0.8500000000000001,-1,-1,1,2,3,5,7,4,6,dem,27.0,0,4.0,4.333333333333333,5.0
R_2YgJuEGgISGiNJI,86,91,4,4,3,4,0.6,-1,-1,1,2,3,5,4,6,7,rep,26.0,0,7.0,2.6666666666666665,4.0
R_3IbKH2mfqujAzgo,30,25,1,3,1,2,0.7,-1,-1,1,4,2,3,5,6,7,ind,34.0,0,4.666666666666667,2.0,5.0
R_2E0tnSznasHMWP3,55,43,2,3,3,4,0.45,-1,-1,7,2,4,1,5,3,6,dem,27.0,0,4.333333333333333,2.6666666666666665,4.0
R_1K7pL4xijrr67FQ,30,50,3,3,3,4,0.55,-1,-1,4,1,2,6,5,3,7,rep,19.0,0,3.0,3.0,6.0
R_2YfvnfOTJg6FfaX,89,80,4,3,3,3,0.7,-1,-1,2,3,1,5,4,7,6,ind,24.0,0,5.333333333333333,3.6666666666666665,4.0
R_2foJyiNQzLDUrZi,20,20,1,3,2,4,0.7,-1,-1,6,7,5,2,1,3,4,ind,46.0,0,6.0,5.0,3.0
R_1OTEQ7Y06Jtd2NO,25,34,2,3,3,4,0.75,-1,-1,2,1,6,5,3,4,7,dem,20.0,0,5.666666666666667,2.6666666666666665,7.0
R_1r00uVSyhW6hNd9,25,57,2,3,3,3,0.8,-1,-1,1,7,5,6,4,3,2,dem,34.0,0,5.0,3.0,3.0
R_22Qh85Rz2vBIbx5,15,24,2,3,3,4,0.6499999999999999,-1,-1,1,2,3,4,5,6,7,dem,35.0,0,4.666666666666667,4.0,1.0
R_301TnZ6pltPrMNg,40,39,3,4,4,4,0.45,-1,-1,6,3,2,1,5,4,7,rep,33.0,0,5.0,5.0,5.0
R_1AZXyWCbk1dN92p,10,11,1,2,3,1,0.65,-1,-1,7,1,3,2,5,4,6,rep,31.0,0,7.0,2.3333333333333335,1.0
R_2R2hS8Bivi996xU,30,75,1,3,1,3,0.55,-1,-1,3,1,2,5,4,6,7,ind,33.0,0,3.3333333333333335,3.6666666666666665,3.0
R_3q9aTKg0odaO3eJ,30,32,2,4,2,3,0.6499999999999999,-1,-1,5,3,6,4,2,1,7,ind,31.0,0,6.0,3.0,7.0
R_sOsPOq6nJNqsOhr,40,60,2,3,1,5,0.7,-1,-1,3,1,6,4,5,2,7,ind,49.0,0,5.0,3.0,3.0
R_VNXGIfw13oPZgvn,41,72,3,3,3,4,0.55,-1,-1,1,4,2,6,5,7,3,ind,64.0,0,3.0,5.0,5.0
R_3R8X7NhCpNL8nVj,22,37,3,3,3,3,0.7,-1,-1,1,2,3,4,5,6,7,dem,37.0,0,4.0,4.0,5.0
R_1hTgZRDPRnXTAN1,40,30,1,5,1,3,0.9,-1,-1,1,2,3,4,6,5,7,dem,50.0,0,5.0,3.6666666666666665,2.0
R_3PzOTXltvGwWwCO,40,43,3,3,3,4,0.75,-1,-1,1,2,3,4,5,6,7,ind,30.0,0,4.333333333333333,3.0,6.0
R_33qEHWmW0OFBGMp,32,40,2,3,2,3,0.75,-1,-1,4,5,3,2,6,1,7,dem,34.0,0,4.666666666666667,5.0,4.0
R_Z8NzYS8bITQ4V7b,24,15,2,2,2,3,0.5,-1,-1,2,1,5,3,4,6,7,ind,43.0,0,3.6666666666666665,3.6666666666666665,4.0
R_2pQWDDNAVTMLJs4,43,49,3,3,3,3,0.75,-1,-1,1,6,5,3,4,2,7,dem,24.0,0,5.0,3.0,3.0
R_3qKkRzWvPOCPMYe,5,2,2,2,2,2,0.8500000000000001,-1,-1,5,7,4,3,2,1,6,dem,42.0,0,6.0,2.0,3.0
R_3pr2ZgPwEUrvtPk,12,18,1,3,2,3,0.9,-1,-1,6,4,3,5,2,1,7,ind,33.0,0,5.666666666666667,3.0,4.0
R_2Puk5u3QaAT01ng,15,20,3,3,3,4,0.8,-1,-1,6,3,7,2,5,1,4,rep,55.0,0,3.0,3.6666666666666665,7.0
R_3sfGeQDucm5xsyJ,25,10,2,3,2,3,0.7,-1,-1,3,1,4,2,5,6,7,rep,54.0,0,6.0,5.0,5.0
R_2OZ6MR8QVVwJAOS,10,90,1,2,2,1,0.9,-1,-1,3,7,5,4,2,6,1,ind,25.0,0,7.0,1.0,7.0
R_2ZQgnga4YewSo1h,39,40,1,4,2,3,0.9,-1,-1,1,3,4,2,6,7,5,ind,29.0,0,6.333333333333333,3.6666666666666665,4.0
R_RQ7Jp5ahxGvQvcJ,30,20,1,3,1,3,0.9,-1,-1,1,2,3,4,5,6,7,rep,34.0,0,6.333333333333333,1.0,4.0
R_PAOjDS5KEVKAoi5,40,51,3,3,3,3,0.55,-1,-1,3,2,4,5,6,1,7,rep,40.0,0,5.0,3.0,6.0
R_21FzwmQUJdwatAd,50,51,3,3,3,3,0.75,-1,-1,1,2,4,3,5,6,7,ind,39.0,0,5.0,3.3333333333333335,3.0
R_1oCse4vahzZmIuy,20,34,1,3,1,4,0.95,-1,-1,5,6,1,4,3,2,7,dem,22.0,0,4.666666666666667,2.3333333333333335,4.0
R_3ek04jJECWgJOLb,45,50,2,4,2,3,0.75,-1,-1,1,6,5,4,2,3,7,dem,37.0,0,4.666666666666667,3.3333333333333335,5.0
R_1CjPh3dOItsgY1L,25,20,2,2,3,3,0.7,-1,-1,4,3,5,2,7,6,1,dem,49.0,0,6.0,3.0,4.0
R_XIf3QcKhKZBXg1b,15,30,2,3,2,4,0.7,-1,-1,1,2,3,4,5,6,7,ind,32.0,0,3.6666666666666665,5.0,4.0
R_WrPDBes2g8RGRmV,20,14,2,3,3,3,0.8,-1,-1,3,4,5,6,2,1,7,ind,22.0,0,3.0,4.333333333333333,6.0
R_2RZYdjH7gYJFMJ0,50,39,2,2,2,3,0.8,-1,-1,3,4,2,1,5,6,7,ind,28.0,0,5.0,2.3333333333333335,6.0
R_3RkkmZrdBT6hi51,25,24,1,2,4,3,0.9,-1,-1,1,4,2,5,6,7,3,dem,34.0,0,5.666666666666667,2.6666666666666665,4.0
R_2qCAwl9je9aixB7,15,35,2,3,3,3,0.7,-1,-1,2,1,4,5,3,6,7,dem,46.0,0,5.0,4.0,4.0
R_2wAyMjF9X9TRQd6,25,6,3,2,3,3,0.7,-1,-1,1,3,2,4,5,6,7,dem,26.0,0,5.0,3.0,4.0
R_3g6irbps9SDr3a2,41,49,3,3,3,3,0.6,-1,-1,1,3,2,4,6,5,7,dem,30.0,0,5.0,3.0,6.0
R_2y9iUzjooXDl3k4,31,39,3,3,4,4,0.8500000000000001,-1,-1,2,1,4,5,3,6,7,rep,44.0,0,5.0,4.0,3.0
R_sIu10gBpEOdP2Rb,63,50,1,1,1,2,0.65,-1,-1,7,6,1,5,4,3,2,rep,33.0,0,5.0,5.0,4.0
R_1GP2Sv9LL7CbQA5,10,20,3,5,5,5,0.9,-1,-1,1,2,3,5,6,4,7,dem,29.0,0,7.0,2.6666666666666665,4.0
R_2TodvZFCtpWkLhb,25,3,1,3,3,2,0.8500000000000001,-1,-1,6,4,5,7,3,2,1,dem,27.0,0,4.0,4.0,4.0
R_3Mu7Q6xHWpZdelc,25,20,2,4,3,4,0.6499999999999999,-1,-1,4,3,6,5,2,7,1,dem,50.0,0,4.333333333333333,6.0,6.0
R_2Epj8d4pVjmJu2c,30,45,2,3,2,3,0.7,-1,-1,1,2,4,3,6,5,7,rep,27.0,0,3.3333333333333335,3.3333333333333335,4.0
R_CmKDUHyPZLlxl3H,5,5,1,2,2,2,0.5,-1,-1,3,2,1,4,5,6,7,dem,59.0,0,6.0,6.0,2.0
R_1feEOW0DeiWor3L,20,20,3,4,3,3,0.85,-1,-1,7,6,2,5,4,1,3,ind,31.0,0,5.333333333333333,3.0,5.0
R_9Za7VX9Mbzf2lMJ,20,20,1,2,3,5,0.8,-1,-1,7,4,5,6,3,2,1,ind,27.0,0,6.0,1.0,7.0
R_1OU0JtTmedmGRjj,3,31,1,2,1,3,0.6000000000000001,-1,-1,2,1,5,4,3,6,7,ind,34.0,0,3.0,5.0,3.0
R_1i3ZFk98OcKF53r,25,44,1,2,2,1,0.9,-1,-1,4,1,2,3,6,7,5,ind,23.0,0,5.666666666666667,2.0,4.0
R_DI6Cl8hTRF0cKL7,30,40,2,3,3,4,0.7,-1,-1,3,2,4,1,5,6,7,dem,25.0,0,5.0,5.0,5.0
R_3dEoVivMmuuDC2K,70,80,3,4,3,4,0.8,-1,-1,2,1,5,3,4,6,7,dem,39.0,0,5.0,3.0,3.0
R_3DhX4s5morBPga1,15,30,1,1,1,2,0.9,-1,-1,6,5,1,2,7,3,4,rep,44.0,0,5.0,3.0,4.0
R_XtcEB7q5vKih2WR,9,39,1,3,2,5,0.8,-1,-1,4,7,5,3,2,1,6,dem,20.0,0,5.333333333333333,3.0,6.0
R_3iPTFuzxVe4xprO,52,30,4,4,4,4,0.4,-1,-1,1,2,3,4,5,6,7,rep,32.0,0,5.666666666666667,3.6666666666666665,4.0
R_5ALjfG62gNFTOg1,15,35,1,3,1,2,0.5,-1,-1,7,6,5,4,1,2,3,ind,25.0,0,6.0,2.0,5.0
R_2V1RJABQMjA6XR7,40,40,2,4,2,2,0.8500000000000001,-1,-1,4,1,6,3,2,5,7,dem,33.0,0,2.6666666666666665,3.0,3.0
R_ymW583Byt3caYJX,25,30,2,3,2,3,0.8,-1,-1,3,6,5,4,7,2,1,dem,34.0,0,5.0,2.0,6.0
R_2BqurpJBzV3WaH4,30,54,1,3,3,3,0.75,-1,-1,1,4,6,3,7,5,2,dem,34.0,0,5.0,2.6666666666666665,5.0
R_3FUMar1cjGu80KA,15,50,1,3,2,3,0.65,-1,-1,5,6,7,4,1,2,3,ind,27.0,0,3.6666666666666665,5.0,4.0
R_A7k4R4ft7s8cF3z,30,30,2,3,3,4,0.75,-1,-1,7,6,4,2,3,5,1,dem,21.0,0,6.333333333333333,1.3333333333333333,6.0
R_3sgHoddkNf6RCXj,10,10,2,2,2,2,0.8,-1,-1,6,1,5,2,3,4,7,ind,33.0,0,2.3333333333333335,6.0,7.0
R_1dyGHkixgjdHIkD,21,40,3,4,3,4,0.7,-1,-1,2,3,1,5,6,4,7,dem,27.0,0,5.0,5.0,6.0
R_Usx5cL4M5xS5Eml,51,53,1,3,4,3,0.8500000000000001,-1,-1,4,3,2,5,6,7,1,rep,37.0,0,5.0,3.0,6.0
R_2OP83kSZjrZZRwJ,30,30,2,2,2,2,0.75,-1,-1,1,7,2,3,5,4,6,ind,58.0,0,4.0,4.0,6.0
R_3mmZ06RTMAa44dK,42,50,2,3,3,3,0.8500000000000001,-1,-1,5,4,6,3,2,1,7,rep,36.0,0,5.0,3.6666666666666665,3.0
R_1fZd0OO9BD17Tv8,20,29,2,3,3,3,0.6,-1,-1,1,7,2,6,3,4,5,dem,30.0,0,5.333333333333333,3.0,7.0
R_1oaNb6MITALf88Z,10,20,2,3,3,3,0.65,-1,-1,1,4,5,3,2,6,7,rep,55.0,0,6.0,2.0,7.0
R_1eFWAMxefGF8Ou8,15,50,2,2,2,2,0.6499999999999999,-1,-1,1,3,5,6,4,7,2,ind,51.0,0,5.0,3.0,4.0
R_3L6Fkq47FZhnzbS,86,30,1,3,3,4,0.75,-1,-1,3,1,4,2,7,6,5,rep,31.0,0,5.0,3.0,5.0
R_2CWeU192jlsCXwB,13,26,1,2,1,3,0.75,-1,-1,6,5,3,2,4,1,7,dem,35.0,0,5.0,2.0,4.0
R_2fcHdJTwmcpqJrf,54,48,1,2,1,3,0.8,-1,-1,3,2,4,1,5,6,7,dem,24.0,0,6.0,5.0,6.0
R_3pcmWYRCcvd20TS,19,14,3,4,2,2,0.75,-1,-1,2,7,6,5,3,4,1,ind,67.0,0,2.0,6.0,7.0
R_3EJPZ9T4eRi8gSY,59,62,1,4,1,4,0.95,-1,-1,3,1,5,6,4,2,7,ind,29.0,0,5.666666666666667,2.0,4.0
R_2CvSG1IJXsxSl2l,18,30,2,3,2,3,0.75,-1,-1,7,6,2,1,5,4,3,dem,47.0,0,3.0,5.0,6.0
R_3L4JcbADXtH4HDa,30,25,1,2,2,3,0.85,-1,-1,4,7,3,5,2,1,6,ind,30.0,0,5.0,3.0,4.0
R_1ilHl0bYG8wXn8y,24,41,2,3,3,3,0.75,-1,-1,4,1,2,3,6,5,7,rep,57.0,0,1.0,3.0,6.0
R_3HMKfh1QxOxLntI,74,94,2,3,1,4,0.5,-1,-1,4,6,5,3,1,2,7,rep,46.0,0,5.333333333333333,1.0,6.0
R_etSq5OGAuuPx4GZ,18,41,2,2,5,5,0.6,-1,-1,5,6,4,3,2,1,7,rep,55.0,0,4.666666666666667,7.0,4.0
R_21Fh7A43Vm9pvhf,25,24,2,3,2,3,0.8500000000000001,-1,-1,5,6,4,3,2,7,1,ind,42.0,0,5.0,2.0,5.0
R_2qympYEwxpthTvL,30,30,1,3,2,2,0.8500000000000001,-1,-1,2,3,5,4,1,6,7,rep,21.0,0,6.0,2.0,6.0
R_1OpExi9IteoCVFx,26,40,3,4,4,3,0.7,-1,-1,7,4,6,2,1,3,5,ind,60.0,0,5.333333333333333,2.3333333333333335,6.0
R_VJU7wTnXWwR3oQN,41,20,3,3,3,3,0.8500000000000001,-1,-1,2,3,1,6,5,4,7,ind,28.0,0,4.666666666666667,2.6666666666666665,4.0
R_2DTByKE1sCkPF3e,43,56,1,3,1,5,0.9,-1,-1,2,1,5,3,4,6,7,ind,31.0,0,5.333333333333333,1.6666666666666667,7.0
R_1LO8QfdGtT7aqe4,35,31,3,3,3,3,0.7,-1,-1,7,6,5,4,3,2,1,ind,29.0,0,5.0,1.0,4.0
R_DdW2C62scUyha2B,20,40,3,3,1,2,0.8,-1,-1,5,2,1,6,3,4,7,dem,20.0,0,5.0,3.0,6.0
R_3iI8qK0cBfN4GKi,20,20,1,2,1,2,0.8,-1,-1,1,4,2,5,6,3,7,dem,66.0,0,4.666666666666667,3.3333333333333335,4.0
R_3KUgai5SCNnvVP0,63,75,1,2,2,3,0.9,-1,-1,6,3,5,1,4,2,7,rep,24.0,0,6.333333333333333,1.6666666666666667,4.0
R_27eCtsDfBmjPQGm,65,54,4,5,3,3,0.55,-1,-1,1,2,4,3,5,6,7,rep,30.0,0,2.6666666666666665,4.666666666666667,2.0
R_2E0NTmBVQ8usVaJ,40,40,2,3,2,3,0.6499999999999999,-1,-1,1,2,3,5,4,6,7,ind,32.0,0,5.0,4.666666666666667,7.0
R_1lrt0iDcwVGkAqV,35,50,3,3,3,4,0.65,-1,-1,2,3,5,1,4,6,7,dem,24.0,0,6.666666666666667,3.0,4.0
R_w75VdeODyVWlmtH,30,7,1,2,1,2,0.8,-1,-1,6,7,5,2,3,4,1,dem,41.0,0,4.333333333333333,4.333333333333333,6.0
R_3MfkbkVMxoLsqUV,40,60,3,5,5,5,0.8,-1,-1,2,6,5,3,1,4,7,dem,44.0,0,5.0,3.0,6.0
R_1i8UbYYFguDb4GP,82,84,3,4,2,3,0.7,-1,-1,4,2,3,5,6,1,7,dem,37.0,0,4.0,4.0,6.0
R_ebUGiCQsl1g9uW5,87,21,3,3,5,5,0.45,-1,-1,6,7,4,5,3,1,2,ind,34.0,0,6.0,2.0,6.0
R_1OAKjkwzdL9oo51,30,50,1,2,1,2,0.8500000000000001,-1,-1,1,2,3,4,5,7,6,ind,25.0,0,6.666666666666667,1.0,6.0
R_1j9Dji4hsumw0LN,20,70,1,2,2,3,0.6499999999999999,-1,-1,2,3,1,4,7,5,6,dem,25.0,0,5.333333333333333,2.6666666666666665,6.0
R_12gR2mYZPxmVvuO,18,32,4,3,5,5,0.6499999999999999,-1,-1,2,1,4,3,5,6,7,ind,50.0,0,1.6666666666666667,7.0,3.0
R_D7wn2IeB2WVAZy1,20,40,1,2,1,1,0.9,-1,-1,2,6,1,4,5,7,3,ind,35.0,0,4.0,4.0,7.0
R_1JKNUdTVJWsm0zk,20,40,3,3,3,2,0.9,-1,-1,4,6,2,1,5,3,7,rep,22.0,0,5.0,2.3333333333333335,6.0
R_31NUNYzC5BtAEEr,24,44,3,4,4,4,0.7,-1,-1,4,2,1,6,7,3,5,ind,44.0,0,5.0,3.0,4.0
R_CgHobIW8CQvaqOZ,29,30,2,2,2,2,0.75,-1,-1,6,5,4,3,2,7,1,rep,34.0,0,4.0,3.6666666666666665,4.0
R_12hfBVu69oSZo0L,25,90,1,4,1,4,0.8500000000000001,-1,-1,2,1,3,5,7,4,6,ind,35.0,0,7.0,2.0,4.0
R_2rPJRLHY4lxrPgA,30,35,2,3,3,5,0.95,-1,-1,5,7,6,3,2,4,1,dem,24.0,0,4.0,3.0,6.0
R_3HNU4cb2hrq8toC,32,55,3,3,3,3,0.8500000000000001,-1,-1,2,3,4,6,5,1,7,rep,29.0,0,4.0,3.0,6.0
R_D76PWxtG8HuXxxT,30,50,1,4,1,5,0.8,-1,-1,4,2,5,1,3,6,7,dem,27.0,0,7.0,2.0,2.0
R_SPlDpUSGaesTVjr,39,29,3,3,3,3,0.6499999999999999,-1,-1,1,2,3,4,5,6,7,dem,37.0,0,4.0,4.0,5.0
R_3IXK1Ok2bHguJQo,42,23,2,3,2,5,0.75,-1,-1,6,1,5,2,3,4,7,ind,30.0,0,3.0,5.0,6.0
R_3iOnG0DUV8UAWEw,52,50,2,3,3,3,0.55,-1,-1,5,6,4,1,3,2,7,ind,20.0,0,4.0,3.6666666666666665,8.0
R_2YQDMhp2vy5VC2Q,93,79,5,4,5,4,0.6000000000000001,-1,-1,1,2,3,5,4,7,6,rep,27.0,0,5.666666666666667,2.6666666666666665,3.0
R_27veF3ATUsVbqs9,10,24,1,3,1,3,0.6499999999999999,-1,-1,1,2,4,3,5,6,7,dem,60.0,0,2.0,4.666666666666667,6.0
R_2R1T4abJCp4nQw5,40,30,2,3,3,3,0.7,-1,-1,1,2,3,4,5,6,7,ind,27.0,0,4.666666666666667,2.3333333333333335,5.0
R_b1xZ94sLTxEio3T,15,50,3,4,4,4,0.8,-1,-1,1,7,6,4,5,3,2,ind,37.0,0,5.333333333333333,2.3333333333333335,4.0
R_21zUKA83nhYUkWT,54,61,1,4,1,4,0.6000000000000001,-1,-1,7,1,4,3,6,2,5,ind,31.0,0,5.0,1.6666666666666667,4.0
R_RaeLtM79zgXzmhj,26,72,2,3,3,4,0.6499999999999999,-1,-1,5,1,6,2,3,4,7,rep,21.0,0,4.333333333333333,4.0,7.0
R_2ByRhKpL2xrERVb,30,83,5,3,4,2,0.35,-1,-1,1,2,3,4,5,6,7,dem,19.0,0,6.333333333333333,1.0,7.0
R_1PTBLfc6WtKHYT9,13,14,1,3,1,3,0.95,-1,-1,2,4,6,3,1,5,7,dem,41.0,0,4.0,2.0,6.0
R_3EveYbovsGwTy6C,20,40,1,3,2,4,0.6,-1,-1,6,4,5,3,2,1,7,rep,55.0,0,4.333333333333333,5.0,5.0
R_2w00VQF15z40RKH,20,20,2,3,2,3,0.75,-1,-1,2,3,4,6,5,7,1,rep,28.0,0,5.0,3.0,7.0
R_3nJDUGVW9UNjgyA,20,20,2,5,3,5,0.7,-1,-1,2,6,4,3,1,5,7,ind,26.0,0,6.0,3.0,5.0
R_1Owq0BUVqY3gXgO,87,50,3,2,3,5,0.75,-1,-1,1,2,4,5,6,3,7,dem,24.0,0,4.666666666666667,3.0,6.0
R_3FR8MAqwjWdD7zt,10,14,1,3,3,4,0.6499999999999999,-1,-1,5,6,2,3,1,4,7,dem,21.0,0,6.0,3.6666666666666665,5.0
R_3O8t9OGRuETM1JP,25,24,2,5,2,5,0.7,-1,-1,4,3,5,2,1,6,7,dem,43.0,0,5.666666666666667,4.333333333333333,3.0
R_2wnb7B44i1DzUGE,20,43,3,4,3,4,0.8,-1,-1,4,3,5,2,1,6,7,ind,34.0,0,4.666666666666667,4.333333333333333,4.0
R_bEMqbt5VpeHOPeh,39,30,1,4,3,3,0.75,-1,-1,7,6,3,5,1,4,2,rep,39.0,0,6.0,1.6666666666666667,4.0
R_3jckgbfiDl0HbLz,70,70,2,5,1,4,0.8,-1,-1,7,6,5,4,1,2,3,dem,32.0,0,5.0,2.0,4.0
R_3hilvzwt7NZA2mY,50,51,2,1,2,2,0.9,-1,-1,1,3,5,4,2,7,6,ind,35.0,0,6.333333333333333,2.0,7.0
R_3oBFc1iSjiiA5Vv,15,20,2,2,2,2,0.6499999999999999,-1,-1,7,6,5,4,3,2,1,ind,43.0,0,2.0,4.666666666666667,6.0
R_0STx7Yj4l2GGrzH,15,15,1,2,2,3,0.8500000000000001,-1,-1,5,6,4,3,1,2,7,ind,28.0,0,5.0,3.0,4.0
R_OuN47qKaT3mJefL,16,14,1,4,1,4,0.9,-1,-1,3,4,2,7,5,1,6,ind,29.0,0,5.0,3.0,5.0
R_333yORbWxUFmNZO,60,51,2,4,2,4,0.7,-1,-1,4,2,1,6,3,5,7,ind,23.0,0,6.0,3.0,5.0
R_3qQfaLE7t9dQu6w,61,69,1,5,1,2,0.7,-1,-1,1,2,4,7,3,5,6,dem,25.0,0,1.6666666666666667,1.0,6.0
R_2E5VSrKeXZo7J7e,52,53,3,3,4,3,0.35,-1,-1,1,3,2,4,5,6,7,ind,64.0,0,5.0,4.0,5.0
R_23QQmywDp0hXzIR,10,20,1,1,1,2,0.85,-1,-1,2,1,7,3,5,4,6,rep,45.0,0,5.666666666666667,3.0,5.0
R_XFbCiohHff26TG9,10,21,2,3,3,3,0.85,-1,-1,2,1,3,4,6,5,7,ind,38.0,0,5.666666666666667,3.0,7.0
R_1HoYwy5nbWKaiN5,22,19,3,3,3,4,0.6000000000000001,-1,-1,5,3,4,1,2,6,7,rep,31.0,0,5.333333333333333,1.6666666666666667,4.0
R_2bJH4fbT9wpxVga,5,15,1,2,1,2,0.9,-1,-1,6,2,3,4,1,5,7,ind,33.0,0,7.0,1.0,3.0
R_oYt0k2e27JOtCH7,40,50,2,3,3,3,0.6499999999999999,-1,-1,1,2,6,3,4,5,7,dem,28.0,0,4.666666666666667,3.6666666666666665,4.0
R_CZV8Bu6vITHj8TT,25,23,1,3,1,4,0.8,-1,-1,3,2,1,4,5,6,7,rep,34.0,0,5.0,3.0,6.0
R_10ZMV8xNzRdZ79H,25,10,2,3,2,3,0.7,-1,-1,6,7,2,3,5,4,1,ind,49.0,0,5.0,3.6666666666666665,4.0
R_3jUaw6eQ5D1eys8,30,29,1,3,1,3,0.8500000000000001,-1,-1,6,4,3,5,2,1,7,rep,28.0,0,6.0,2.0,4.0
R_1OvPLyqmrPfSRS1,61,51,2,4,3,5,0.7,-1,-1,7,4,6,5,2,3,1,dem,26.0,0,7.0,3.0,4.0
R_T7y75JU76CAYp1v,5,14,1,2,2,2,0.9,-1,-1,4,6,5,7,1,2,3,ind,29.0,0,2.0,5.0,7.0
R_1kY3cjOuGricrre,10,30,1,3,2,4,0.9,-1,-1,6,5,2,4,3,7,1,dem,35.0,0,6.0,1.3333333333333333,4.0
R_2382PNIPlvRtAXK,30,30,1,3,1,4,0.7,-1,-1,7,1,2,3,6,4,5,ind,42.0,0,7.0,2.0,6.0
R_3nobHxDb7h66fQQ,48,34,2,4,3,4,0.75,-1,-1,3,1,2,4,5,6,7,dem,31.0,0,5.333333333333333,5.0,4.0
R_1LwCBvWOxhBtpZG,42,47,2,4,2,4,0.95,-1,-1,2,1,3,4,5,6,7,ind,25.0,0,3.0,5.0,4.0
R_UloylNcZ5LZiy2Z,22,58,3,3,4,3,0.95,-1,-1,1,2,3,5,4,6,7,dem,38.0,0,5.333333333333333,3.3333333333333335,6.0
R_3HSudA5T2i0cID7,10,30,2,3,2,2,0.8,-1,-1,3,1,4,2,5,6,7,ind,21.0,0,7.0,1.3333333333333333,5.0
R_2AG1jEW38t4umPQ,53,54,3,3,3,3,0.6499999999999999,-1,-1,3,4,7,6,2,1,5,dem,39.0,0,3.3333333333333335,4.0,6.0
R_tGKJpVVudRt3ljr,40,60,3,4,3,5,0.9,-1,-1,4,2,5,1,3,6,7,ind,30.0,0,4.666666666666667,4.666666666666667,3.0
R_3qsV7bfPd25zxFS,25,20,3,4,3,4,0.75,-1,-1,4,6,3,2,1,5,7,rep,26.0,0,2.3333333333333335,3.6666666666666665,5.0
R_3NU7XWVnRGD2asB,45,50,2,3,3,3,0.75,-1,-1,1,2,3,6,4,5,7,ind,38.0,0,5.0,4.0,5.0
R_1IWWf8b0gYjCbAl,20,50,2,2,2,1,0.8,-1,-1,2,1,3,4,5,6,7,dem,31.0,0,4.0,3.0,4.0
R_2QhMH4AKqdOKbYA,93,96,4,4,3,3,0.6,-1,-1,1,3,4,5,6,7,2,dem,35.0,0,6.0,2.3333333333333335,3.0
R_1QJZtdDTs9J8Lim,50,62,1,3,1,3,0.9,-1,-1,2,3,4,6,5,1,7,ind,21.0,0,4.666666666666667,5.0,5.0
R_1nSMiKMQFJMULYr,35,40,3,4,3,5,0.7,-1,-1,5,4,3,1,2,6,7,dem,25.0,0,1.0,6.0,4.0
R_2zIkJAo23gD01O8,44,28,1,3,1,4,0.65,-1,-1,1,2,3,4,5,6,7,rep,28.0,0,7.0,1.0,6.0
R_3O1xAxNL9QUMgcW,21,19,3,3,3,3,0.6,-1,-1,7,6,3,2,4,1,5,rep,60.0,0,4.333333333333333,3.3333333333333335,7.0
R_T63AX8GRfpafvzz,10,10,1,2,2,3,0.8,-1,-1,7,1,4,3,2,6,5,dem,29.0,0,4.0,4.0,4.0
R_3gMfFAZPqSd7Qi9,24,40,1,2,2,4,0.9,-1,-1,2,1,3,5,4,6,7,dem,24.0,0,6.0,3.0,6.0
R_2AG69cilAngINXa,80,60,1,3,1,2,0.8500000000000001,-1,-1,6,1,2,5,4,3,7,ind,20.0,0,6.666666666666667,1.0,7.0
R_3lFWgUthdSHp5MD,6,5,2,2,2,2,0.75,-1,-1,3,1,6,4,2,5,7,dem,24.0,0,6.0,3.3333333333333335,4.0
R_1HkHk0ofswGYtIS,7,64,3,4,2,5,0.75,-1,-1,6,5,4,2,7,3,1,ind,22.0,0,5.666666666666667,2.3333333333333335,5.0
R_1LMd71JrH798ptS,51,76,1,2,1,2,0.75,-1,-1,7,6,5,3,4,2,1,ind,39.0,0,4.0,3.0,6.0
R_2SIglqLAzblmXWu,10,6,4,4,1,5,0.7,-1,-1,5,1,3,2,6,7,4,dem,30.0,0,1.0,2.3333333333333335,6.0
R_dcW6sHLzzIeXwNX,35,40,2,2,2,3,0.8,-1,-1,5,7,2,6,4,3,1,rep,46.0,0,5.0,3.0,6.0
R_2aJLPFsD99azMZK,49,42,2,3,2,4,1.0,-1,-1,3,4,5,6,2,7,1,dem,24.0,0,5.0,3.0,4.0
R_WCgqCdTC9OUKSHf,62,61,1,3,3,3,0.55,-1,-1,4,5,2,3,6,7,1,dem,34.0,0,4.333333333333333,3.0,4.0
R_2SeHAYY9noHEZR7,43,60,1,2,1,3,0.75,-1,-1,5,4,2,1,6,3,7,ind,25.0,0,6.0,2.6666666666666665,8.0
R_vkMRPCz6d9xUsiB,31,43,4,3,3,4,0.55,-1,-1,3,4,7,1,2,6,5,ind,38.0,0,4.666666666666667,4.0,6.0
R_1LNh5mkJb6bjByp,29,44,2,5,3,4,0.8500000000000001,-1,-1,7,2,3,6,5,4,1,dem,33.0,0,3.0,5.0,4.0
R_0JqcP5uLCaBDUvD,90,78,4,3,4,4,0.45,-1,-1,6,1,2,3,4,5,7,rep,26.0,0,2.6666666666666665,4.0,3.0
R_1gGElaCr7zruT2u,40,50,3,3,3,3,0.5,-1,-1,6,3,5,1,4,7,2,ind,27.0,0,4.0,4.666666666666667,6.0
R_UiGfhJ8udq8xw5P,10,40,3,3,3,3,0.7,-1,-1,6,7,5,2,4,1,3,ind,28.0,0,3.3333333333333335,3.6666666666666665,5.0
R_3GCl6T59zSokbGI,87,82,5,4,4,4,0.6,-1,-1,6,5,4,7,1,3,2,rep,31.0,0,6.0,2.0,8.0
R_XS7H4JhG3rLha1P,30,30,1,5,1,5,0.55,-1,-1,1,2,5,4,3,6,7,ind,47.0,0,6.0,2.0,1.0
R_1nU7EcQvfcJytMT,20,20,2,2,2,3,0.75,-1,-1,2,3,4,1,6,5,7,dem,22.0,0,5.0,4.0,4.0
R_yyi5vBUL8NqxYit,15,20,1,3,1,3,0.8500000000000001,-1,-1,6,2,3,1,5,4,7,ind,22.0,0,6.333333333333333,2.0,7.0
R_szN5Z1oUlGEAB1L,65,40,2,5,1,4,0.95,-1,-1,1,2,3,4,5,6,7,dem,55.0,0,5.0,4.0,4.0
R_ehfFlw4gXtCSvNT,12,20,1,2,1,3,0.65,-1,-1,1,2,6,5,3,4,7,dem,49.0,0,4.666666666666667,3.0,3.0
R_3CK31NTdxLrDRAh,39,50,1,3,2,3,0.65,-1,-1,2,4,3,7,5,1,6,rep,61.0,0,3.3333333333333335,3.0,6.0
R_1Ow1jEW5acKJW8Z,42,44,2,2,4,2,0.75,-1,-1,1,3,2,4,5,7,6,ind,32.0,0,4.666666666666667,3.6666666666666665,6.0
R_1FzelgWtrSbwB53,25,25,2,3,2,3,0.9,-1,-1,4,3,5,6,1,2,7,ind,28.0,0,4.0,5.0,6.0
R_1esJgU1eHU1FgaZ,41,3,1,5,1,4,0.8,-1,-1,1,3,2,5,4,7,6,ind,32.0,0,1.0,1.6666666666666667,7.0
R_1GIkLjtszNncAlr,22,34,2,3,3,3,0.8500000000000001,-1,-1,1,3,2,5,4,6,7,ind,25.0,0,5.666666666666667,1.0,6.0
R_2CsvDPLJAJd5jZg,40,42,1,5,1,4,0.55,-1,-1,7,5,4,3,2,6,1,rep,31.0,0,6.0,2.0,6.0
R_3oY3wLs8I1uPT7l,60,60,1,4,3,3,0.45,-1,-1,7,6,3,2,5,1,4,ind,25.0,0,5.666666666666667,2.0,4.0
R_2VK0UC5BLcGfj1n,20,24,2,5,2,5,0.6499999999999999,-1,-1,5,7,4,3,6,2,1,dem,50.0,0,5.666666666666667,3.0,4.0
R_T0LCmiSyG0CTSdX,7,20,1,4,1,4,0.75,-1,-1,6,3,2,1,4,5,7,ind,25.0,0,4.666666666666667,2.6666666666666665,4.0
R_2B2RTSU9YOXbjKu,36,49,1,2,1,2,0.35,-1,-1,7,3,2,6,5,1,4,rep,29.0,0,7.0,1.0,3.0
R_28RKLExSJguCSJd,20,4,2,2,2,3,0.8,-1,-1,4,7,1,2,6,3,5,ind,25.0,0,2.6666666666666665,5.0,6.0
R_3JLb4rspnS4CuGs,55,20,2,4,4,5,0.75,-1,-1,2,3,4,1,5,6,7,dem,24.0,0,6.666666666666667,2.0,6.0
R_2Cy0Bvby0eRD6Wd,11,31,3,4,3,4,0.55,-1,-1,1,7,6,5,2,3,4,dem,67.0,0,3.0,6.0,8.0
R_3j8Jm6F7vlJddH4,28,32,3,4,4,4,0.55,-1,-1,1,3,2,4,6,5,7,dem,27.0,0,5.666666666666667,2.3333333333333335,3.0
R_3NUMdDOzPI382O8,45,49,1,3,1,3,0.9,-1,-1,1,4,3,2,5,6,7,dem,32.0,0,5.333333333333333,2.6666666666666665,4.0
R_2YrhKFuOXQfcb4p,30,30,3,3,2,3,0.5,-1,-1,3,2,4,5,1,6,7,dem,28.0,0,2.0,5.0,6.0
R_1gSANQOCsW77cyt,21,20,1,1,1,2,0.6499999999999999,-1,-1,6,5,4,2,3,1,7,dem,21.0,0,6.0,5.0,4.0
R_3CZp73O3MIGTMBB,13,11,1,2,1,3,0.8,-1,-1,2,1,4,3,5,6,7,dem,20.0,0,7.0,1.0,6.0
R_1gUVzx2fWpDwtTW,35,35,1,4,2,4,0.8,-1,-1,4,7,2,5,6,3,1,dem,52.0,0,6.0,1.0,4.0
R_POQf7LhGTpUgAtH,19,40,1,3,2,3,0.85,-1,-1,6,5,1,2,3,4,7,ind,22.0,0,6.0,2.6666666666666665,6.0
R_1owg0hGpSjrDdcs,6,10,1,2,2,3,0.6000000000000001,-1,-1,4,5,1,3,2,6,7,dem,34.0,0,5.0,4.333333333333333,3.0
R_29jeJtDBbRyrfCx,29,15,2,4,4,2,0.8,-1,-1,6,5,3,7,2,1,4,rep,61.0,0,4.0,5.0,5.0
R_1kFfeCQj26lvnK6,30,50,2,4,2,4,0.6,-1,-1,1,6,2,4,7,3,5,rep,34.0,0,3.6666666666666665,3.6666666666666665,6.0
R_r2ed9wWtwVjiMM1,29,27,2,3,2,3,0.75,-1,-1,2,1,6,3,5,4,7,ind,25.0,0,5.0,2.0,5.0
R_1DqZU1441Sc28hj,6,23,1,2,2,2,0.75,-1,-1,7,4,5,6,2,3,1,rep,51.0,0,4.0,4.0,5.0
R_3fIlOU6KW32zVXb,7,18,2,2,2,2,0.6000000000000001,-1,-1,5,7,6,4,2,3,1,dem,21.0,0,2.0,6.0,4.0
R_basBPTzZxxCC1ax,2,30,2,4,4,4,0.6499999999999999,-1,-1,3,2,6,1,5,4,7,ind,32.0,0,4.0,4.333333333333333,2.0
R_32LSWFSPjmrcv2R,10,10,1,3,1,3,0.95,-1,-1,4,7,6,5,2,1,3,dem,29.0,0,7.0,1.6666666666666667,6.0
R_1QasFQfEnN2DJA1,25,19,1,3,1,3,0.95,-1,-1,1,2,3,4,6,5,7,rep,22.0,0,6.333333333333333,1.0,6.0
R_PIEf5FwHvSSajLz,28,31,2,4,3,5,0.65,-1,-1,2,4,3,6,5,7,1,rep,22.0,0,5.666666666666667,2.0,6.0
R_2z6fQJub7BZD5cj,39,50,3,3,3,4,0.6,-1,-1,2,3,1,6,4,5,7,ind,29.0,0,4.666666666666667,4.666666666666667,5.0
R_1JDgwGTLMFhEW1P,70,86,1,4,2,1,0.8500000000000001,-1,-1,3,1,2,4,5,6,7,rep,53.0,0,2.0,3.6666666666666665,5.0
R_rlFpBbREtdb3xnj,7,20,1,2,2,4,0.8,-1,-1,1,6,3,2,5,4,7,dem,25.0,0,6.0,3.0,4.0
R_2YsqetosDonkdVN,44,24,3,3,2,3,0.6499999999999999,-1,-1,2,5,3,6,1,7,4,ind,28.0,0,4.0,4.0,6.0
R_2Ppdx44x9OMVILi,10,17,1,2,1,2,0.9,-1,-1,2,7,3,4,5,6,1,rep,69.0,0,1.0,4.333333333333333,6.0
R_2aQxxG5UtHLszIz,63,82,3,3,4,3,0.35,-1,-1,2,6,1,5,3,7,4,rep,29.0,0,4.0,1.6666666666666667,5.0
R_1mmW9BN5PQ7jjlQ,22,40,2,2,2,4,0.9,-1,-1,6,3,1,4,5,2,7,rep,23.0,0,4.333333333333333,2.0,4.0
R_0kPnSGfmxFkYk2l,21,10,2,2,2,2,0.9,-1,-1,7,6,5,3,4,2,1,dem,29.0,0,7.0,1.0,6.0
R_3Duu2a6bHOfzvKq,35,45,4,4,3,2,0.6,-1,-1,1,2,4,5,6,3,7,rep,28.0,0,5.666666666666667,2.3333333333333335,8.0
R_2R1EiU5eqKgkD07,40,57,2,4,3,4,0.4,-1,-1,1,2,3,4,5,7,6,dem,19.0,0,4.666666666666667,5.0,5.0
R_1rukiyF8YmwtxIm,29,40,3,3,2,4,0.8500000000000001,-1,-1,1,2,4,3,5,6,7,ind,45.0,0,5.666666666666667,2.3333333333333335,3.0
R_3lPlt3RaXQTuvrL,10,27,3,4,2,5,0.6499999999999999,-1,-1,2,3,1,4,5,6,7,ind,33.0,0,7.0,2.0,4.0
R_C2G03sUUmCbU7rb,25,40,2,3,2,4,0.9,-1,-1,3,2,4,1,5,6,7,dem,37.0,0,5.0,3.0,2.0
R_aW77Tj0bNPQu6rf,18,9,1,1,1,1,0.7,-1,-1,6,7,1,2,4,3,5,rep,39.0,0,6.0,2.0,3.0
R_22V8j8CtYEPAvop,82,54,4,3,4,3,0.6499999999999999,-1,-1,1,6,3,5,2,7,4,rep,27.0,0,4.333333333333333,4.0,3.0
R_PAixZZQ4tmcSQBb,69,60,2,5,3,3,0.65,-1,-1,2,1,3,4,6,5,7,dem,53.0,0,2.6666666666666665,4.0,4.0
R_DeqRtKzXfCNKZdD,35,25,1,3,1,3,0.6499999999999999,-1,-1,2,6,3,1,7,5,4,rep,25.0,0,7.0,3.0,7.0
R_xgrESntzQ291rOh,15,20,1,2,2,3,0.6,-1,-1,1,2,6,4,3,5,7,dem,36.0,0,4.666666666666667,3.0,4.0
R_3dPNeCoZ4x2GDpr,35,34,2,3,1,2,0.8500000000000001,-1,-1,5,6,1,7,4,3,2,rep,26.0,0,5.0,2.0,4.0
R_9AeCWTh5zrFOeOJ,50,40,1,5,1,5,0.8500000000000001,-1,-1,3,1,6,2,4,5,7,dem,46.0,0,5.666666666666667,2.0,6.0
R_OHULGoVwVw2FKvf,5,10,2,2,3,3,0.9,-1,-1,6,5,4,3,2,1,7,rep,36.0,0,5.0,3.0,3.0
R_2SoeFcc78znJHgw,10,35,1,3,3,3,0.55,-1,-1,3,1,5,2,4,6,7,dem,32.0,0,6.666666666666667,3.6666666666666665,4.0
R_1ON1nDT2S5EHT6p,15,25,2,3,2,3,0.85,-1,-1,4,1,3,5,2,6,7,dem,28.0,0,4.0,4.333333333333333,3.0
R_soHjqGXlfkgVuRr,52,28,1,2,1,2,0.8500000000000001,-1,-1,1,7,3,5,6,4,2,ind,41.0,0,5.0,4.0,3.0
R_38AjpQZpypKyQk9,19,49,1,3,1,2,0.65,-1,-1,2,1,3,4,6,5,7,rep,19.0,0,4.333333333333333,3.3333333333333335,6.0
R_3QJZRExmOhQ2Sc8,45,55,3,5,4,5,0.5,-1,-1,1,3,2,4,6,5,7,ind,30.0,0,3.6666666666666665,3.6666666666666665,5.0
R_33wZIt2IrR2emyd,20,30,2,4,3,4,0.8,-1,-1,7,6,4,5,2,3,1,ind,34.0,0,3.3333333333333335,2.3333333333333335,4.0
R_2CqeX7QIxObTyww,73,64,1,3,2,4,0.7,-1,-1,5,1,6,4,2,3,7,ind,64.0,0,5.0,3.0,5.0
R_wSjUjXH5hm8YUg1,39,43,2,5,2,4,0.6,-1,-1,4,5,7,3,1,2,6,ind,35.0,0,6.0,4.0,3.0
R_30f0nmwfWAdVq8B,55,71,2,4,3,3,0.6,-1,-1,3,6,5,7,2,4,1,dem,33.0,0,5.666666666666667,2.3333333333333335,4.0
R_3EyWy6rcjlDEBSK,30,30,2,2,2,2,0.9,-1,-1,2,1,3,6,4,5,7,dem,23.0,0,5.666666666666667,2.3333333333333335,4.0
R_2cpjeGfslgwtdvF,30,31,2,5,2,5,0.6499999999999999,-1,-1,1,2,5,4,6,3,7,dem,43.0,0,5.333333333333333,5.0,6.0
R_2w75OK5SwUHLm8G,30,30,3,4,4,5,0.65,-1,-1,3,1,5,4,6,2,7,rep,48.0,0,4.666666666666667,4.0,4.0
R_1FfXgtS3OIFNYMU,80,90,3,5,1,5,0.95,-1,-1,1,2,3,4,5,6,7,rep,31.0,0,7.0,1.0,4.0
R_ZmiVZbyhenPxmfv,0,30,2,4,3,3,0.75,-1,-1,2,1,3,4,5,6,7,ind,42.0,0,4.0,3.0,5.0
R_2wbQ83QNMg8XTtk,13,31,1,2,1,3,0.95,-1,-1,1,2,7,6,5,4,3,rep,25.0,0,4.666666666666667,3.0,4.0
R_2YFjBnCdSLCjJZM,70,70,1,3,1,4,0.75,-1,-1,3,1,6,2,5,4,7,dem,28.0,0,6.0,2.3333333333333335,7.0
R_2tsxFmDxv4HgQCp,90,60,2,5,4,5,0.8500000000000001,-1,-1,3,4,5,2,1,6,7,ind,26.0,0,5.333333333333333,6.333333333333333,3.0
R_2ePE2Jwkq4nP7YT,47,40,2,3,3,5,0.8,-1,-1,1,2,6,3,4,5,7,dem,36.0,0,5.0,2.0,6.0
R_3nUvCrRsxy47Qmj,10,29,3,3,2,4,0.8,-1,-1,2,3,6,4,1,5,7,dem,30.0,0,3.0,5.0,6.0
R_1f78T5Zf8Lgp0b7,20,20,1,2,2,2,0.7,-1,-1,6,7,5,4,3,2,1,ind,35.0,0,6.333333333333333,2.0,7.0
R_QbK11D7LUAx0jBf,32,40,3,3,1,3,0.8500000000000001,-1,-1,6,7,5,4,3,1,2,rep,33.0,0,4.666666666666667,3.6666666666666665,5.0
R_3HpgcgyVyXnIX2L,30,40,2,3,1,5,0.7,-1,-1,4,1,2,3,7,6,5,dem,27.0,0,3.0,3.0,5.0
R_5nEdVESkNSSlsMp,30,40,1,3,2,4,0.95,-1,-1,6,5,4,3,1,2,7,dem,26.0,0,5.0,3.0,4.0
R_2dovcpFd7tXvXwq,72,90,5,3,3,3,0.4,-1,-1,6,7,1,5,4,3,2,dem,56.0,0,4.333333333333333,2.6666666666666665,3.0
R_dbw9W7LgF1eO3Vn,30,35,3,3,3,3,0.9,-1,-1,6,4,5,3,7,2,1,rep,40.0,0,5.666666666666667,2.6666666666666665,4.0
R_1oBerRt3qduFXID,15,30,1,2,1,3,0.6499999999999999,-1,-1,4,3,2,5,6,1,7,dem,28.0,0,6.333333333333333,2.0,6.0
R_3OdKjl35pzsAe5Q,55,55,1,3,1,4,0.75,-1,-1,4,2,3,6,7,5,1,ind,30.0,0,7.0,2.0,7.0
R_2X4FRScxCi1LJF3,21,30,2,2,2,3,0.75,-1,-1,1,3,7,4,2,6,5,ind,55.0,0,3.3333333333333335,3.0,4.0
R_3ipMMpm67iglEyM,70,60,3,3,2,3,0.8500000000000001,-1,-1,6,7,4,5,2,3,1,ind,36.0,0,4.333333333333333,3.6666666666666665,6.0
R_1flQUuZidhSQ3OT,35,55,2,3,2,4,0.6000000000000001,-1,-1,7,5,2,3,4,1,6,rep,33.0,0,3.6666666666666665,4.333333333333333,5.0
R_ROWPzRfCyhuLWb7,25,12,3,4,3,3,0.8500000000000001,-1,-1,7,1,6,5,3,2,4,dem,40.0,0,5.333333333333333,1.0,4.0
